,trdar_cd_nm,tot_flpop_co,ml_flpop_co,fml_flpop_co,agrde_10_flpop_co,agrde_20_flpop_co,agrde_30_flpop_co,agrde_40_flpop_co,agrde_50_flpop_co,agrde_60_above_flpop_co,lat,lng
965,봉은사로68길,1498128,836281,661846,38593,346854,454385,326423,191188,140687,37.5114397,127.0498945
115,원효로41길,733107,415043,318070,27109,141370,164639,150716,130601,118668,37.5352214,126.9600235
457,연서로34길,1326989,657577,669414,91681,219979,235868,223795,259253,296417,37.62143,126.92899
546,월드컵로10길,2081856,984654,1097208,85537,654545,550531,375470,237526,178235,37.555019,126.9133425
422,삼양로144길,491828,209932,281902,30296,152932,68849,75643,83227,80884,37.6515724,127.0140357
397,한천로124나길,1858926,936764,922165,85594,474495,332133,313913,352046,300742,37.6381548,127.0313509
924,신반포로45길,1971440,1090331,881110,73835,547124,527654,373008,253099,196722,37.5132428,127.0160037
612,강서로5가길,3927997,2035393,1892606,201419,983153,881524,653139,634564,574201,37.5284799,126.8451109
810,상도로62길,2098756,1066786,1031970,211524,809297,309504,251916,251128,265388,37.4963342,126.9530105
210,자양로45길,1588233,779389,808841,105140,331382,303355,269689,305202,273466,37.5528323,127.0919754
677,구로동로38길,1411813,741022,670794,31089,257284,277767,267303,313117,265261,37.4948836,126.8844065
800,사당로23나길,748583,361493,387093,48664,138677,158486,128934,120876,152948,37.4879374,126.9783083
139,금호산길,2032982,979582,1053409,149094,344089,447950,357075,349028,385758,37.5518448,127.0193979
633,등촌로13길,1006757,497607,509151,105750,186905,200889,177708,177007,158511,37.5379589,126.8584522
768,양평로19길,1069720,583126,486597,52257,271863,276481,198435,163125,107561,37.5360801,126.8943558
293,면목로48길,1851771,987459,864319,119578,446032,331354,293854,352414,308554,37.5820467,127.0909963
441,갈현로41길,1034498,512085,522426,85180,245685,178091,153572,181671,190317,37.6242617,126.9157255
188,능동로34길,1829301,928147,901154,80105,519946,406821,275997,307316,239111,37.5540724,127.0837004
981,영동대로65길,1887959,1040456,847497,495260,303450,298189,390136,245173,155757,37.5018551,127.063502
49,백제고분로32길,780604,407096,373506,24224,184238,195915,140173,126058,110002,37.5008533,127.0949799
832,관악로30길,887973,438174,449796,62345,197409,179217,145135,137796,166068,37.488493,126.9616984
829,관악로10길,2333452,1218062,1115396,134286,1054208,435918,263438,250270,195347,37.4766954,126.9548079
1008,천호옛길,3070192,1485625,1584578,156547,660927,610258,521454,577013,544009,37.53407,127.1237455
222,답십리로60길,1076344,577721,498628,39186,195536,231632,207119,220353,182523,37.5702606,127.0637463
350,종암로19길,1033088,500577,532508,93077,248663,157286,171514,179555,182994,37.5974899,127.0322471
894,강남대로34길,1781615,983563,798044,39280,401125,438328,334320,279199,289365,37.483626,127.0373179
772,여의대방로39길,647456,348218,299234,65025,130580,118094,119240,118690,95825,37.5031853,126.9209364
594,중앙로45길,1027828,541321,486512,53887,176506,189039,186944,224451,197010,37.520615,126.8517341
388,솔샘로65길,1601197,731817,869379,87772,285422,283228,269934,354771,320077,37.6220625,127.0257337
489,세검정로1길,1856030,906637,949400,138860,358624,293695,325310,369855,369680,37.5927242,126.9434915
704,가산로5길,1115489,651742,463748,10045,302913,282365,187071,200625,132467,37.4738477,126.8946154
905,동산로10길,673472,388355,285117,18969,142355,182951,137216,108955,83031,37.4703375,127.0461059
24,양재대로95길,2425889,1255827,1170065,174569,461704,461116,428205,472303,427998,37.5304093,127.1353246
260,천호대로45길,1336669,698088,638586,40973,258104,244350,217849,250657,324731,37.5748834,127.0434998
27,올림픽로71길,1725619,802548,923080,72467,343377,349711,302835,334712,322521,37.5410753,127.1221724
299,봉화산로30길,1417392,704390,713003,84119,290707,276832,231831,281996,251923,37.6001086,127.0844587
631,까치산로4길,1560815,747326,813483,86066,331668,376037,275370,235383,256300,37.5407521,126.8457235
234,사가정로23가길,827085,417940,409148,70094,144258,152345,162805,155505,142091,37.5798261,127.0714434
745,대림로44길,1570710,814552,756154,67384,283092,304155,285706,338660,291710,37.5028399,126.8979154
872,신원로3길,2781217,1456925,1324303,137604,1118809,560766,316090,337939,310013,37.4822863,126.9267396
822,여의대방로24길,1277401,679269,598134,72993,314177,266011,221580,210854,191800,37.4982232,126.9208785
820,여의대방로22나길,819075,436667,382410,37468,186706,174293,152946,140877,126800,37.4962692,126.9219053
792,동작대로7길,2983959,1554638,1429330,98052,856172,592097,410116,508415,519119,37.4785745,126.9793959
250,장한로5길,1772108,1003795,768316,33078,343485,381783,346967,372440,294355,37.5650384,127.0643419
797,사당로16길,1807802,902729,905081,99712,437790,372054,283914,296732,317607,37.4792975,126.9709874
520,마포대로12길,2418603,1261047,1157562,94429,536450,592077,465692,429375,300590,37.54759,126.9547918
545,와우산로3길,1977070,971249,1005815,135378,1000095,430197,203676,132500,75229,37.5458858,126.9212348
940,개포로28길,777993,457315,320678,43158,151087,162294,156862,144085,120514,37.4761765,127.0530363
996,오금로36길,1182269,626261,556009,58369,215691,237318,207860,257494,205545,37.498965,127.1211644
341,인촌로24길,2398257,1419766,978484,294785,1288749,287697,197695,184708,144614,0,0
836,국회단지길,1579037,805654,773378,91439,377333,324116,256771,259246,270128,37.4904485,126.9421369
23,양재대로124길,2221381,1125542,1095844,181530,414481,398630,377480,438034,411221,37.5429276,127.1454301
465,은평로8길,3899546,1876602,2022957,345159,764051,769539,733793,687913,599094,37.5980594,126.9196216
426,해등로16길,919489,466343,453138,68005,197479,173831,151032,169487,159642,37.6549952,127.0435095
764,신길로39길,1694493,867758,826730,75542,298212,307848,300742,377429,334730,37.5069388,126.9090795
468,응암로14길,1824335,935617,888713,122129,315296,356000,346181,337925,346805,37.5897172,126.9199217
769,양평로22라길,552637,303615,249025,20835,155292,155038,97603,77833,46040,37.5406137,126.8925551
309,중랑천로10길,1604363,821647,782725,88998,338742,288694,288519,337770,261632,37.5919564,127.0749802
347,정릉로27길,1675001,817396,857601,177416,387565,285079,307978,247046,269907,37.6085208,127.0136262
138,금호산2길,1529610,757751,771864,109871,265588,316345,266785,267753,303276,37.5488862,127.0226714
869,신림로64길,3132611,1645418,1487193,130359,1314795,629606,355998,366820,335045,37.4852195,126.9323075
50,계동길,471903,253713,218188,31776,100321,114908,92082,78943,53874,37.5798926,126.9867159
378,삼양로20길,1391250,666191,725057,147131,225511,237324,267567,255975,257744,37.6145036,127.0237471
972,삼성로75길,3247665,1765723,1481932,351882,701972,767188,695530,438117,292973,37.5030221,127.0560592
223,답십리로63길,1150660,597132,553535,68741,194826,216832,222913,239350,208009,37.5732915,127.0681356
882,청룡8길,1913906,1014566,899338,89433,636561,347805,261169,277466,301462,37.4799425,126.9450775
477,증산서길,665257,348512,316740,30237,144314,120786,120603,128801,120522,37.5833173,126.9063608
10,구천면로36길,1800404,935093,865323,98547,332663,345165,304307,362201,357530,37.5433432,127.1326827
742,대림로29길,2267953,1216607,1051344,48924,372023,447485,443324,548682,407518,37.4951657,126.8972806
719,벚꽃로56길,580954,356274,224686,2182,134296,142904,124585,107968,69009,37.4838184,126.8837296
509,대흥로28길,1969132,823447,1145685,135154,780135,326937,254762,266180,205966,37.5553167,126.9470852
1005,천호대로162길,3214980,1578350,1636628,165164,848189,653189,504567,548544,495339,37.5362969,127.1286044
180,광나루로40길,1815954,887860,928090,149217,424695,388190,308469,301321,244077,37.5429773,127.0892067
990,동남로20길,1519543,754476,765062,177833,261422,266669,268179,284683,260761,37.4935781,127.1363925
597,중앙로55길,1653704,833772,819933,106236,272560,347899,298545,313708,314760,37.5261845,126.8454224
128,한강대로43길,1125428,649184,476250,17068,303421,349144,217590,141016,97194,37.5318221,126.9690381
327,삼선교로10길,2093629,1009690,1083937,201516,648152,362312,326036,304256,251359,37.5863387,127.0098297
587,오목로3길,925199,494599,430609,50456,142845,185429,186745,184637,175099,37.5217297,126.8388326
805,사당로8길,1296155,635197,660951,67896,361020,266713,190565,199826,210129,37.4838782,126.9685986
1009,풍성로37가길,2607258,1287202,1320057,143110,565318,522803,455473,481943,438619,37.5329049,127.1283796
530,성미산로11길,1407240,679266,727963,87675,398569,321487,249440,181787,168280,37.5630246,126.9160412
44,양재대로71길,1254429,636969,617463,197682,215693,205013,211432,228347,196271,37.5110012,127.1242787
849,남부순환로248길,1137973,556495,581483,66620,356507,238463,155057,167420,153919,37.4739918,126.9656261
678,구로동로41길,1157302,608684,548619,26972,209245,229426,213545,261079,217041,37.4946148,126.8814183
653,화곡로20길,1211116,623448,587668,44855,270589,276641,210278,211382,197372,37.5389107,126.8366595
928,청두곶길,1855322,931177,924142,62847,457552,366275,292889,335142,340623,37.4804525,126.985333
184,긴고랑로8길,1032547,536464,496085,21227,242085,218251,174179,217907,158889,37.561565,127.078102
106,백범로79길,1998317,1022214,976100,139631,519023,476494,342290,280514,240374,37.5411868,126.9648414
100,녹사평대로26길,1663578,900232,763348,47208,805630,409948,184249,125072,91471,37.5317316,126.9929511
474,증산로21길,2112277,1077797,1034490,148265,437660,412778,380465,383228,349888,37.5961802,126.9122356
424,우이천로32길,757448,359504,397947,57491,163919,130375,125167,143885,136619,37.6500575,127.0250252
499,증가로6길,1753603,880960,872640,158240,490573,284555,281826,269525,268895,37.5786113,126.9291401
275,공릉로2길,1539750,762118,777636,72011,335962,329339,255974,281684,264777,37.6120999,127.0795598
455,연서로29길,3745582,1827194,1918383,378050,1063372,629884,540112,581647,552524,37.6196566,126.9185625
219,난계로30길,1795672,1003992,791675,59454,361206,363280,312173,355871,343688,0,0
688,남부순환로97길,749170,379434,369736,57592,141119,137892,127527,136597,148443,0,0
324,보문로26길,1584103,739395,844712,113923,630159,255145,195972,208615,180309,0,0
850,남현2길,1688676,877924,810760,58219,493149,350106,233640,271468,282104,0,0
81,다산로38길,2399996,1258320,1141682,113140,514655,518232,434675,482142,337166,0,0
602,가로공원로80길,1059715,522670,537047,46678,206188,239162,183010,192603,192092,0,0
343,인촌로6길,1356144,711614,644527,86493,404494,238473,204444,229440,192804,0,0
955,도산대로23길,1513489,705244,808247,59098,503625,420472,251077,158281,120933,0,0
758,디지털로74길,1211208,580338,630862,38122,247388,211437,210647,265824,237799,0,0
974,선릉로132길,2742077,1354323,1387753,120040,697169,734519,512452,352327,325574,0,0
525,망원로2길,1743120,843200,899920,82429,462268,432386,318828,240640,206570,0,0
775,영등포로25길,1225910,690106,535813,35327,271989,265222,214702,230528,208154,0,0
270,휘경로3길,2284172,1173274,1110910,178558,982771,327721,269693,260995,264452,0,0
825,장승배기로19길,1777674,899770,877901,83110,525688,350482,255375,298712,264309,0,0
891,원신길,384345,202137,182204,31442,118748,56932,47953,55101,74170,0,0
887,호암로20길,2720888,1642271,1078622,131676,1225931,521443,316171,262139,263551,0,0
600,화곡로4길,478886,263333,215559,27979,86729,89931,86969,104308,82972,0,0
813,서달로15길,3759581,1910129,1849450,341353,1495770,484054,459302,492182,486917,0,0
922,서초대로64길,1286641,673520,613119,78509,293032,271433,249530,199422,194725,0,0
693,디지털로32길,2698045,1550395,1147654,49872,837785,731859,449133,369343,260047,0,0
65,자하문로7길,1405721,690386,715340,97881,360840,298762,270243,223161,154825,0,0
430,동일로242길,749549,386573,362983,51661,130261,116006,131651,171938,148039,0,0
592,중앙로32길,986838,498948,487892,127127,160953,170597,197704,180288,150181,37.5184422,126.8546178
732,가마산로61길,1484329,755465,728859,78295,264763,273122,268900,327465,271812,37.5070151,126.9050019
336,오패산로3길,1559834,755389,804455,130354,274556,270595,297764,294068,292501,37.6068009,127.0344276
369,덕릉로41길,3579129,1782208,1796925,202480,1090588,631862,554307,596442,503449,37.6369759,127.0297467
946,논현로123길,921997,496352,425649,11559,324888,261078,154247,87133,83091,37.511706,127.0304667
315,돌곶이로41길,720777,370651,350130,32266,115007,119191,147232,170092,136987,37.6184097,127.0449789
259,천호대로17길,1756561,939944,816618,76249,417616,327918,292442,310669,331655,37.5760029,127.0323458
787,대방동2길,1322361,663203,659163,85609,356112,259409,205718,213333,202181,37.5019814,126.9284732
554,토정로37길,2472878,1317204,1155665,115410,442362,594883,559605,417704,342927,37.5405421,126.9448338
915,사평대로22길,699717,331898,367815,47418,123551,141056,172723,113509,101467,37.4969808,126.997583
774,여의대방로61길,1069961,556585,513380,44479,294312,225426,179747,171376,154621,37.5147285,126.9242696
460,연서로5길,1476513,712066,764446,139836,287199,272239,271029,278368,227848,37.6035266,126.9117847
715,독산로85길,979774,537238,442540,21141,178020,198920,178657,226093,176930,37.4724315,126.9024325
630,국회대로7길,1175577,603460,572119,64667,233064,245685,204699,223789,203681,37.5300352,126.8594017
694,부일로11길,161694,87243,74446,21766,22204,23754,32042,32349,29593,37.494484,126.8314856
746,대림로7길,1122580,566618,555960,17665,257468,228284,205037,228970,185161,37.4894233,126.9047662
286,동일로157길,2306004,1156428,1149586,104002,483875,482890,399692,437919,397632,37.6096496,127.0753542
298,봉우재로33길,2317993,1197193,1120796,69797,554427,476740,377785,454889,384342,37.5944468,127.0883251
519,동교로38길,2616882,1137106,1479771,104534,1244117,589104,304411,207340,167384,37.561733,126.9254562
244,장한로14길,711932,401331,310611,13140,133770,174233,144613,137966,108225,37.5655401,127.0708467
333,아리랑로4길,3199062,1452818,1746243,382207,1346411,502869,385188,325438,256951,37.5958268,127.0195643
523,만리재옛길,2499727,1253957,1245768,104133,600347,600545,455626,428641,310440,37.5500041,126.9594634
714,독산로78다길,964214,519345,444863,25553,155057,185718,175851,227665,194372,37.4697713,126.9055016
414,도봉로156길,489340,259067,230283,15983,83305,80902,92452,106822,109883,37.6727874,127.0443406
292,면목로45길,2318522,1213817,1104709,144057,516422,412515,382224,458572,404741,37.5818483,127.0866392
846,남부순환로161길,1306622,680096,626535,54537,435251,269220,167651,204386,175581,37.4844578,126.9200812
21,성안로3길,1431095,734953,696139,100172,249886,284367,278251,278389,240045,37.527776,127.1262891
885,행운1길,3468662,1745535,1723130,187918,1316809,672744,422650,435143,433411,37.4800923,126.9576027
870,신림로65길,3957235,2092202,1865029,179797,1772211,816473,416611,411315,360848,37.4853962,126.9278576
607,강서로35길,1794008,869850,924158,111006,456073,385428,275247,292897,273353,37.5431863,126.838939
581,신목로5길,867218,410253,456972,142407,125144,134984,183773,163821,117087,37.5178506,126.8726772
472,증산로15길,614418,325195,289224,47354,107831,116263,107962,109721,125291,37.5903568,126.9093197
136,후암로28길,821850,440545,381297,34104,195117,183948,153420,129145,126109,37.5493349,126.9796602
420,방학로5길,1595821,821183,774638,114142,324748,282005,261750,309118,304056,37.6617828,127.0377376
363,화랑로40길,1444963,781672,663287,84723,328147,240527,250524,278794,262257,37.6127084,127.0640902
763,신길로17길,1004744,520863,483870,28479,161587,177906,178430,251227,207114,37.4987063,126.9070432
280,동일로123길,1912955,974213,938732,120931,354150,323757,299449,422037,392638,37.5983937,127.076586
448,연서로11길,1385909,640677,745233,169077,253126,248736,253246,242525,219198,37.609164,126.9135233
225,답십리로68길,1776427,955628,820802,75892,391742,413195,336776,318530,240293,37.5682499,127.0681392
155,성덕정17길,1523528,857717,665809,42138,297679,348724,285894,332741,216357,37.5379211,127.0552744
729,시흥대로68길,1678590,864060,814533,70543,324789,339804,293842,350927,298686,37.4576244,126.9024976
54,백석동길,47589,22232,25363,3944,14179,8121,7337,8404,5601,37.5932279,126.9658684
320,동소문로2길,1633170,772513,860662,134802,464328,298058,261773,256717,217496,37.5902285,127.0113156
958,도산대로50길,2142754,1114555,1028195,47508,594320,628618,408803,254308,209181,37.5204709,127.0376081
556,가로공원로58길,265887,145553,120338,15853,45135,46140,44021,60885,53851,37.5326349,126.8249298
186,능동로13길,4315420,2232785,2082636,352861,2317779,666798,394851,354245,228895,37.5443165,127.0696729
206,용마산로3길,1929042,974892,954150,83405,487638,405306,304352,360107,288234,37.5569134,127.0838525
0,백제고분로34길,891686,458778,432913,27424,200897,222019,164050,153462,123843,37.5012675,127.0987777
453,연서로27길,5507224,2682647,2824574,537948,1554441,944102,808583,850039,812124,37.6191265,126.9185005
473,증산로17길,936692,487369,449324,62685,170338,172133,169993,173332,188215,37.5906275,126.9089505
63,율곡로16길,1740581,1005068,735511,56348,415902,349591,312952,326069,279711,37.5741338,127.0036109
964,봉은사로57길,1507952,784491,723474,74065,375405,400462,298019,190356,169645,37.5152301,127.0436357
371,도봉로18길,1489422,682745,806668,89926,268306,269319,257599,323332,280940,37.6203338,127.0308079
961,봉은사로109길,1067362,557257,510103,30196,219510,276572,221527,178730,140823,37.5168039,127.0641377
196,뚝섬로54길,905118,462001,443112,60839,170933,206458,160186,158419,148281,37.5298151,127.0801773
203,아차산로65길,1841186,881153,960037,248300,376283,326941,360049,300163,229450,37.5423162,127.0924311
751,도림천로21길,1903767,1044621,859146,21433,496157,439716,326785,343464,276213,37.4870884,126.9021319
572,목동중앙남로3가길,1214138,609392,604748,136957,229701,230502,205555,229792,181628,37.5360996,126.8641758
512,독막로22길,924335,460298,464041,73656,268233,175323,167193,124590,115353,37.547026,126.9278568
686,구로중앙로7길,1335339,708245,627105,48802,224343,278932,273550,274457,235261,37.4903616,126.8905001
252,전농로29길,1899855,967572,932273,203799,592507,292455,274189,284017,252889,0,0
264,한천로33길,703455,350238,353224,38230,112018,124869,139117,145741,143488,0,0
169,왕십리로6길,1873299,1060864,812438,58333,471282,479664,363566,291932,208534,0,0
651,초원로16길,1040477,555057,485414,62687,223725,206759,174639,191649,181029,0,0
471,증산로13길,1244734,649226,595500,67134,236912,237035,214885,239159,249605,0,0
364,백제고분로33길,1362059,691326,670738,47440,317117,346442,236064,222499,192497,0,0
682,구로중앙로19길,1177746,617260,560490,24217,213201,240300,231291,256007,212729,0,0
759,선유로55길,883336,487334,396005,38134,239248,225518,162346,133432,84661,0,0
7,고덕로10길,2055084,1056460,998629,116402,391745,406795,383062,397196,359879,0,0
948,논현로159길,1806419,789791,1016633,106868,601520,455558,284360,191387,166728,0,0
601,가로공원로76가길,1465641,713507,752129,58113,300584,322344,249872,266089,268649,0,0
361,화랑로1길,1847248,910887,936372,143098,323237,354377,353347,350491,322706,0,0
812,서달로14길,2717458,1366658,1350797,200305,917884,388005,377677,411697,421895,0,0
98,퇴계로90길,2075542,1075653,999898,70190,411473,412131,361619,446771,373357,0,0
550,월드컵로25길,1629562,792142,837417,88833,394031,379149,319952,239217,208384,0,0
37,삼전로13길,2734740,1392056,1342690,227310,692585,599972,454944,389851,370089,0,0
15,상암로14길,2022492,1042300,980189,115800,375869,386152,362961,402112,379580,0,0
305,용마산로100길,653482,339724,313755,49385,124495,119162,105188,138421,116831,0,0
408,도당로29길,900945,469963,430992,35616,177413,156446,160695,191000,179785,0,0
790,동작대로33길,2500794,1253029,1247764,191082,607960,463120,387594,408844,442187,0,0
603,강서로15길,3786304,1878703,1907593,165858,964369,843639,603101,611228,598105,0,0
755,도신로62길,1960175,993856,966314,121617,413257,352566,349207,371780,351750,0,0
855,대학길,2077224,1291806,785416,92967,993052,409559,236233,181615,163818,0,0
613,강서로5나길,2379898,1261737,1118154,84766,605179,554570,398193,394443,342737,0,0
428,동일로173가길,2592428,1329721,1262702,152696,628958,489358,445879,454447,421099,0,0
577,목동중앙북로8길,1251272,631557,619716,86300,266875,259211,199148,233617,206118,0,0
727,시흥대로62가길,1510845,779321,731520,65249,288374,281801,257253,327595,290581,0,0
500,충정로4길,6892360,3664270,3228094,201292,1680384,1828731,1416196,1047547,718222,0,0
156,성덕정길,630065,348943,281113,33498,134060,132318,110617,129533,90038,0,0
42,양재대로62길,1387930,762838,625097,71631,248240,299418,276525,290609,201500,0,0
64,이화장길,2293086,1163265,1129815,116641,759594,481338,365537,324790,245184,0,0
9,고덕로61길,160769,79399,81366,20341,16612,23975,36051,36634,27155,0,0
89,삼일대로4길,2085443,1195311,890127,32372,450828,464938,436377,379411,321513,0,0
540,양화로11길,2515381,1223601,1291782,109663,956131,662061,388358,240916,158252,37.551978,126.9157472
185,긴고랑로9길,1453760,743700,710048,68393,289255,278302,244756,323352,249694,37.5655123,127.0818726
667,경인로31길,691420,363901,327534,41066,132585,123299,110127,148388,135954,37.4996417,126.8477525
505,홍연길,987077,480802,506272,44376,225482,195597,177744,166770,177118,37.576115,126.9300611
351,종암로21길,1066724,526446,540280,88791,221719,198879,193495,182349,181508,37.6017557,127.0317718
442,갈현로7길,1574539,754286,820245,157647,273922,294564,271915,301278,275206,37.6044195,126.9078659
977,선릉로18길,158813,83435,75381,18836,13757,18071,31815,36583,39750,37.484327,127.0615513
623,공항대로38길,1557706,750866,806843,125986,320169,326047,293865,272954,218686,37.5572558,126.8401431
178,광나루로36길,1196556,605905,590641,88216,296260,261195,202913,197258,150722,37.5435491,127.0864008
960,도산대로89길,724565,362265,362309,11435,154382,204656,148062,112183,93857,37.5262302,127.0515388
207,자양로11길,2419756,1247128,1172634,125494,585133,496591,390574,439394,382580,37.5338846,127.0824421
134,회나무로13길,1001323,485571,515762,23917,338663,297860,178783,88187,73917,37.5416891,126.9906339
291,면목로33길,1276471,650448,626027,85543,207280,240476,232359,271745,239074,37.5765988,127.0839111
357,한천로76길,1444707,777236,667465,97260,330465,238024,246907,271224,260836,37.61133,127.06491
143,마장로39길,758940,408380,350556,35583,201074,154010,113818,130443,124015,37.5674641,127.0428551
437,한글비석로44길,1371641,708945,662699,85701,297886,197273,231084,281905,277791,37.6644543,127.0716957
995,오금로11길,2602288,1362931,1239349,99340,775526,621857,414116,374823,316627,37.5153811,127.1109392
776,영등포로27길,1248032,696475,551566,30850,267223,266975,220176,240670,222147,37.522374,126.8992923
67,종로58가길,2390422,1251276,1139148,97234,469243,475488,432750,471966,443741,37.5727592,127.0172476
806,상도로15길,2093249,1046353,1046892,96066,520774,406910,328803,377014,363683,37.5052428,126.9368829
491,세무서길,1991337,938237,1053106,136538,396596,306906,333912,401465,415927,37.5911419,126.9474073
237,서울시립대로29길,1899361,977183,922161,179358,732154,256739,222446,250476,258177,0,0
25,양재대로96길,1789379,926987,862400,149895,309891,318079,301202,352532,357803,37.5291727,127.1396958
56,북촌로5길,532615,273289,259321,16500,125408,130964,105174,89220,65345,37.5792781,126.9848055
233,사가정로13길,942850,436049,506801,79264,271300,157853,143619,155631,135194,37.5786789,127.0578829
382,삼양로54길,1415743,710484,705268,90304,272009,224747,239016,301502,288169,37.6232157,127.0216414
107,백범로90길,1751840,923433,828408,66505,439930,500396,320120,236232,188647,37.536726,126.9703149
912,방배로35길,1449329,719640,729697,119511,262578,282256,305957,240143,238883,37.4923783,126.9877449
229,망우로18길,1348405,709684,638714,104428,571202,189738,149473,176568,156984,37.5864194,127.0628974
888,호암로24길,3219625,1932632,1287001,147618,1468329,620598,362946,311655,308509,37.4695103,126.9353461
26,올림픽로48길,1292265,655381,636890,80523,213564,262198,253974,257854,224160,37.5293685,127.1216678
118,이촌로22길,263879,148087,115790,3832,34868,64505,53024,50495,57154,37.5253416,126.9558138
217,경희대로3길,2227585,1087428,1140147,214323,1066540,302534,225113,212693,206377,37.5934619,127.0506714
383,삼양로77길,947177,465002,482178,60592,193530,164836,147686,189011,191538,37.6290172,127.0155761
36,천호대로187길,2699985,1372085,1327904,146665,525538,525019,488368,534166,480240,37.5378721,127.1421032
216,천호대로129길,1767666,870174,897493,135115,365020,341137,300382,334240,291767,37.553229,127.0914259
300,봉화산로4길,1457134,762365,694758,86648,271761,234275,234021,327448,302984,37.5996889,127.0758479
171,용답중앙길,1295979,675462,620503,36914,292528,247912,219626,254218,244780,37.5644624,127.0519573
798,사당로20길,1622376,813441,808950,83147,418839,341320,241639,258803,278632,37.4787531,126.973938
14,명일로13길,1825867,924605,901261,136357,318753,329259,323025,359658,358830,37.533578,127.1432013
841,난곡로74길,1304137,666160,637985,42503,419745,278068,182216,206798,174807,37.4864028,126.9145801
862,서림7길,1394596,833086,561510,65172,652821,264610,148189,131952,131858,37.4722007,126.9422994
72,창신5길,1937969,989678,948294,90313,354571,314125,349677,447384,381900,37.574533,127.0127658
97,퇴계로8길,1541870,748739,793129,19761,250758,381426,324163,295440,270321,37.5565183,126.9794832
949,논현로26길,1133817,635930,497886,20558,254208,285758,227695,189877,155723,37.4828603,127.0451222
674,공원로6가길,1086219,560820,525397,41485,252365,234919,181890,199877,175694,37.5030877,126.8903177
557,곰달래로10길,1356154,710239,645918,43488,286791,296749,239498,254902,234714,37.5282163,126.8372472
379,삼양로24길,1640987,781138,859838,134165,267386,265103,290169,343812,340347,37.6176696,127.0225327
161,송정4가길,1358963,751729,607229,41285,500925,298912,212639,181712,123496,37.5507702,127.0662209
258,천호대로12길,927675,503989,423684,34732,184968,198843,171743,173628,163766,37.57252,127.0286493
712,독산로64길,623439,323012,300430,16290,109964,115711,116443,142711,122332,37.4658292,126.9046622
243,이문로42길,1262835,618858,643980,81072,395712,211302,185414,191662,197681,37.6008667,127.0643142
705,금하로14길,1467224,742956,724269,106946,261379,259076,249054,301203,289570,37.6396192,127.0235321
666,경인로15길,474747,251358,223381,16105,97674,97502,82088,88886,92489,37.4974249,126.8367427
35,천중로51길,2520618,1294991,1225623,261448,519368,437894,407333,461154,433425,37.5419989,127.1451369
452,연서로21길,2104267,989012,1115256,200971,431533,397947,356926,366741,350165,37.6158855,126.9151156
625,공항대로55길,672776,355604,317170,20636,163499,175629,114959,108310,89754,37.5547207,126.8615232
844,남부순환로142길,1273816,657195,616623,57785,330643,235380,208871,238944,202202,37.4792473,126.912083
777,영등포로35길,2635940,1318851,1317091,88822,751283,579692,404304,411787,400049,37.52148,126.9043777
516,동교로19길,1691255,837351,853898,92357,567812,407902,303169,185554,134454,37.558946,126.9164392
38,송이로23길,1510195,813173,697030,70864,288624,336975,298900,298079,216760,0,0
614,강서로5라길,1402892,729197,673693,80222,266166,306779,252680,255092,241969,0,0
622,곰달래로60길,1145176,577121,568060,72002,249987,231079,199536,211994,180578,0,0
689,도림로12길,1629488,912339,717160,37691,248542,369886,359657,341262,272456,0,0
497,증가로20가길,1611992,811939,800054,222774,452277,253686,246268,238109,198872,0,0
766,신길로42길,1329237,695637,633612,49626,240202,219327,249282,308944,261852,0,0
599,화곡로3길,250356,135381,114981,23182,46504,50266,44889,49625,35892,0,0
6,강동대로53길,1158018,618821,539188,149664,228499,205462,198138,202070,174189,0,0
956,도산대로30길,1216667,661171,555493,20160,342708,377629,240401,131160,104604,0,0
966,삼성로115길,1168510,568945,599559,61198,237385,316403,245852,163552,144124,0,0
33,천호대로219길,140226,95449,44782,15370,14740,20577,27969,39318,22259,0,0
789,동작대로29길,1754135,905637,848498,131208,441402,344165,271014,272544,293794,0,0
876,장군봉1길,1948762,1023507,925257,89509,605222,355984,274419,300658,322961,0,0
913,방배로42길,1164178,562359,601821,90098,183812,230397,254031,200469,205376,0,0
721,시흥대로138길,938094,521606,416491,12652,211898,213270,169473,190399,140400,0,0
149,무학봉28길,1735404,850510,884901,113136,464694,341543,282364,296240,237428,0,0
181,광나루로52길,2252558,1111507,1141053,240396,531810,432350,405329,363718,278962,0,0
1000,양재대로101길,3546854,1791408,1755442,166745,733218,753787,643215,671942,577952,0,0
124,청파로71길,1724740,772700,952040,143631,481778,305880,282338,290059,221051,0,0
104,대사관로34길,1322415,654969,667445,13029,354164,351793,248792,181352,173277,0,0
132,한강대로88길,627859,330267,297590,33191,212847,133695,101354,79152,67622,0,0
91,청구로17길,2301183,1168718,1132462,130854,574175,475977,396823,384294,339055,0,0
375,도봉로8길,1861047,898070,962978,149912,480935,313591,315214,310248,291150,0,0
69,지봉로8길,2206175,1128759,1077408,92610,441790,419142,402182,446977,403465,0,0
582,신목로6길,1574946,762203,812745,211761,292776,256426,320291,283496,210182,0,0
539,신촌로30길,1635830,753476,882352,112087,366531,315964,275896,307151,258191,0,0
177,광나루로24길,954302,484558,469748,95036,530250,140804,72531,72299,43378,0,0
99,녹사평대로11길,126495,71585,54910,8335,23067,27614,29170,22053,16255,0,0
926,주흥15길,2135711,1134355,1001361,83028,640386,582007,367389,262966,199933,0,0
817,신대방길,1224706,606590,618120,36490,373360,247845,185609,207348,174058,0,0
211,자양로50길,1121360,561389,559974,91376,229267,215806,190284,212143,182478,0,0
182,긴고랑로20길,2642283,1348274,1294010,123997,604714,519911,429122,531262,433291,0,0
917,사평대로57길,2872068,1543289,1328787,93696,942821,805122,467332,324493,238602,0,0
496,증가로10길,1776553,903613,872938,222834,568210,259916,260489,251006,214101,0,0
738,당산로37길,1426571,767245,659336,81624,334236,343142,250431,225446,191681,0,0
494,연희로10길,1169319,562068,607246,47540,530587,210435,140695,127466,112594,37.5656803,126.9333392
127,한강대로15길,321910,184238,137669,11432,73881,74887,62172,56279,43261,37.5261317,126.9634169
971,삼성로69길,2609073,1353049,1256028,722787,449157,390887,534123,322411,189715,37.5005941,127.055321
135,효창원로39길,1422528,759357,663178,72164,274784,320065,261584,251594,242338,37.5374591,126.9590093
684,구로중앙로34길,1445398,738255,707136,53036,313762,314366,264222,274075,225945,37.5013601,126.8857908
251,장한로8길,1227505,716636,510879,13757,239961,281540,242743,250905,198620,37.5635776,127.0690038
236,서울시립대로16길,2022053,1014181,1007857,196637,584456,336410,307753,315760,281035,37.5783434,127.0548063
569,목동동로8길,526175,239605,286577,78786,74462,87399,115900,101187,68440,37.5183258,126.8703686
547,월드컵로11길,2032054,934197,1097862,78425,613200,516669,353754,257231,212781,37.5542471,126.9086154
288,망우로68길,1397193,694008,703181,78978,234887,230249,227036,329907,296140,37.5973235,127.1010037
549,월드컵로19길,1918682,883202,1035486,88634,546620,458282,350315,256024,218812,37.5539298,126.9065843
131,한강대로7길,398141,221940,176196,10441,72557,87365,81955,74791,71033,37.5253557,126.9626647
801,사당로26길,1879097,951487,927619,73810,516499,384226,268874,316745,318952,37.4806881,126.9780561
900,논현로1길,732774,417316,315450,20626,140514,187775,153324,125851,104676,37.4704041,127.0486633
976,선릉로146길,1505917,691100,814823,38466,426135,443311,270227,180579,147188,37.5218007,127.0420605
318,동소문로15길,3015992,1402142,1613851,340380,1204131,475724,374680,340501,280583,37.5944735,127.0141135
68,종로65길,2827769,1490398,1337370,125765,578296,516372,488924,583533,534873,37.5753935,127.0198617
32,천호대로197길,1461185,728933,732251,102880,248382,255768,263005,302396,288744,37.5359077,127.1468848
398,한천로130길,1658070,844820,813257,77713,375641,299970,284349,333835,286560,37.6391809,127.0314906
778,영등포로62길,1091314,575611,515708,77326,265037,223830,175059,171911,178144,0,0
739,당산로38길,1409912,754214,655705,75197,330511,337241,248907,223612,194436,37.5293785,126.8989558
152,상원12길,811823,468834,342990,27441,201311,215292,151904,124849,91038,37.5505565,127.0492824
370,도봉로13길,1474791,707104,767680,134303,294865,245020,251291,286926,262385,37.6151819,127.0277119
381,삼양로41길,2481420,1236114,1245295,204512,427245,405945,443093,492838,507782,37.6215105,127.0195464
999,암사길,3430393,1786982,1643414,281044,568697,709122,667869,637737,565934,37.5518865,127.1384718
646,양천로73가길,1185247,608646,576607,85022,219144,269708,230101,202628,178651,37.5504126,126.8745588
328,삼선교로10다길,1755412,840610,914799,209308,583069,282508,258527,231823,190180,37.5834846,127.0085068
947,논현로139길,1752421,912646,839780,45695,579527,512835,309314,172881,132179,37.5155288,127.0264919
492,수색로8길,860849,421413,439440,65876,174632,150966,164434,152666,152279,37.5772615,126.9070281
827,흑석로13길,3241515,1651294,1590220,312299,1407880,398633,362219,383803,376679,37.5091813,126.9606559
994,백제고분로31길,2215957,1103478,1112482,145996,479366,537127,393385,337929,322154,37.5062322,127.0958167
779,영등포로80길,2103141,1068398,1034739,112369,503569,411742,358327,372748,344387,37.5114109,126.9199902
791,동작대로35길,992114,480199,511908,77357,198307,183249,161024,175548,196629,37.4922292,126.9795435
31,올림픽로98길,2262396,1161931,1100467,119795,431354,452774,420543,435573,402351,37.5508,127.12957
698,신도림로13길,436433,240628,195797,35595,76288,83717,83465,81819,75550,37.5097078,126.8800156
479,진흥로1길,2327464,1097720,1229755,148660,462200,462640,443579,454265,356117,37.6015433,126.9187241
767,신길로60길,1644410,876904,767521,105593,292330,300664,290138,325393,330301,37.5143242,126.9138636
652,화곡로13길,809481,413607,395878,42125,182696,179912,132536,140673,131540,37.5428487,126.8328699
626,공항대로59길,1373459,710416,663039,56875,318944,338061,244168,227830,187582,37.5540383,126.86349
113,우사단로4길,1342021,757651,584377,30473,485902,357761,207911,137951,122038,37.5311416,126.999628
702,중앙로1길,1086527,574244,512287,150334,291024,169294,162133,167294,146443,37.4312998,129.1709837
346,정릉로26길,724646,355940,368709,66525,141355,129503,133458,121899,131895,37.6034205,127.0120272
84,동호로11길,1142350,573958,568397,57212,272695,241086,186450,180681,204224,37.553768,127.0092161
166,왕십리로21길,1606035,759430,846601,131821,351542,334136,283316,267228,237991,37.5601059,127.0317114
957,도산대로38길,1203032,656736,546296,20925,323680,375994,242129,132962,107336,37.5166852,127.0330417
262,천호대로97길,689366,401579,287798,9987,129852,160687,135322,136976,116556,37.5627447,127.071175
189,능동로3길,1410764,716759,694002,58133,303447,270592,246091,289775,242725,37.5345406,127.0628445
269,휘경로2길,1927977,970677,957302,187000,998120,235482,183091,167544,156742,37.58773,127.06526
701,중앙로15길,756378,377828,378552,70283,132689,128094,147058,138683,139559,35.9390977,126.9581175
402,노해로60길,2562168,1197104,1365077,195818,556287,475753,430677,459220,444410,37.6486909,127.0336978
513,독막로32길,2108749,1095343,1013407,194662,553096,397829,372454,303286,287413,37.5459225,126.9377972
153,상원길,1280619,734440,546184,40369,321906,344441,247548,195068,131293,37.5482048,127.0483105
941,개포로82길,109774,53379,56395,12850,13688,9943,23255,25635,24410,37.4888002,127.0670805
311,돌곶이로14길,1305250,668217,637039,63912,277563,214100,232063,270204,247420,37.608757,127.0620965
224,답십리로64길,1452013,770402,681609,58666,292655,328324,275850,280974,215544,37.5692259,127.0657237
696,부일로1길,238761,118531,120230,20410,41832,49979,45444,41662,39438,37.4924621,126.8213089
75,평창길,21798,6261,15540,5496,3516,1954,3053,4015,3765,37.614825,126.9757433
352,종암로24가길,827327,409706,417626,69768,186625,129280,143082,146483,152102,37.6000154,127.0371548
160,송정12라길,1248403,673374,575021,72329,453294,246604,176470,159974,139726,37.5502044,127.0673869
838,난곡로24길,402894,219733,183170,22517,93604,69657,69210,83201,64732,37.468191,126.9214843
228,망우로18가길,1019059,554128,464924,83518,443946,139843,108782,129981,112972,0,0
475,증산로5길,475097,244204,230884,22117,93540,87663,87784,90239,93756,0,0
120,이태원로54길,1532605,784120,748481,23940,540059,423890,253530,169199,121986,0,0
295,면목로55길,1309903,681646,628266,79095,264615,233981,228537,275794,227889,0,0
162,아차산로11길,1437219,845968,591244,27061,375348,363426,266145,245745,159488,0,0
374,도봉로76길,2438315,1239199,1199110,109119,642158,392703,381911,486866,425556,0,0
282,동일로139가길,1570413,810279,760124,88980,302174,282473,266777,335985,294012,0,0
367,노해로33길,1217069,593043,624025,70162,242401,195078,219039,250690,239705,0,0
657,화곡로64길,1586631,832647,753989,63573,407238,384624,262898,252921,215388,0,0
263,한천로14길,1697230,943369,753865,38417,331474,378295,331000,346569,271477,37.5671785,127.0659681
740,당산로46길,1626416,867430,758988,78807,478126,354902,245548,257508,211525,37.5332776,126.9039505
636,등촌로55길,832278,420581,411695,29024,202493,197386,140857,140822,121696,37.5503898,126.8618872
257,천장산로7길,930317,461538,468779,117820,579284,77290,59791,56433,39692,37.5982505,127.0557107
934,서초중앙로8길,1746784,946051,800724,108194,403328,399917,336283,255531,243542,37.4878779,127.0201872
238,서울시립대로4길,1657464,848876,808585,89773,327823,383500,301635,289099,265634,37.5737468,127.0491057
466,응암로12길,1938815,1001814,936999,148645,367841,358389,336836,369646,357460,37.5884044,126.9173025
332,솔샘로6길,803812,437168,366646,69051,292008,109596,105182,109983,117991,37.6086276,127.0059114
570,목동로19길,1856242,960514,895740,248449,410368,329702,330614,290329,246780,37.5248017,126.8617365
962,봉은사로29길,3000202,1564235,1435972,47723,786460,857612,592853,402051,313506,37.5099575,127.0336344
316,돌곶이로8길,1081554,564148,517409,52418,217087,176722,196698,225724,212918,37.6069997,127.063592
690,도림로6길,1545073,873679,671403,28980,239236,332184,334126,345247,265299,37.485194,126.8883684
404,덕릉로60길,688588,343458,345127,40874,115311,109545,132216,153064,137590,37.6346484,127.0430588
939,개포로20길,1075101,640750,434355,45805,213024,243454,221785,195508,155534,37.4780336,127.0473285
637,등촌로5길,1060266,522634,537632,78857,218652,215049,185179,197270,165257,35.4121331,126.432302
443,불광천길,2810470,1400962,1409512,225977,548129,542401,525783,496045,472148,37.5913316,126.9145268
573,목동중앙로13나길,139519,74540,64978,6200,30476,31648,28487,23767,18940,37.5450027,126.8801941
116,원효로53길,1582874,916925,665959,57408,338449,394759,303106,262625,226538,37.5368062,126.9620418
110,신흥로20길,685048,342253,342788,36293,190488,166421,109093,87341,95430,37.5467235,126.9843273
503,통일로37길,1908845,904964,1003888,142459,407068,309582,315597,368560,365589,37.5866362,126.9440445
245,장한로25길,1657607,877373,780231,94909,339814,362849,311616,306582,241839,37.571824,127.0696134
146,매봉길,929677,438237,491438,50484,159126,214854,166543,152731,185931,37.3208411,127.942951902416
108,서빙고로71길,263958,151809,112150,17046,52509,54433,59636,45952,34388,37.5230395,126.9955175
634,등촌로39길,583777,307028,276752,56667,116073,115827,90890,110178,94138,37.5472153,126.8596988
536,숭문길,1510022,790471,719556,168449,445063,267420,256294,209709,163083,37.5465674,126.9452603
543,와우산로29가길,2083147,925659,1157492,258940,1095620,351712,190876,108469,77539,37.5543172,126.9285469
861,봉천로33길,2636022,1307241,1328778,148060,678656,515498,407440,433543,452824,37.4848515,126.9439826
446,수색로18길,549109,326247,222863,8400,118897,123406,114740,107625,76051,37.5869728,126.8929358
366,노해로23길,1288450,640034,648413,69053,246783,206942,232903,272153,260621,37.6460744,127.0196598
560,곰달래로5길,922522,491024,431509,23924,161502,165638,172166,211888,187415,37.533614,126.8324814
522,마포대로4길,2498696,1350337,1148367,86198,516791,621202,527696,422347,324463,37.5389743,126.9460966
736,국회대로56길,1551053,887482,663570,18788,442306,344969,243871,254046,247083,0,0
358,화랑로13길,1634815,746507,888310,127097,437637,267463,274414,274757,253440,37.6101231,127.0420156
944,논현로10길,790746,454172,336577,34145,146892,180589,163505,146950,118671,37.4744411,127.0498487
588,오목로5길,1522178,769993,752196,98835,232074,297636,289570,298660,305410,37.5240112,126.8402448
906,동산로19길,1006734,591196,415534,26234,204441,264615,215456,167313,128676,37.4739178,127.0459216
562,남부순환로40길,448870,244805,204067,21222,76744,76382,79008,105579,89933,37.5328338,126.8260856
157,성수이로18길,1848222,1057449,790770,39289,491202,434515,330577,336313,216334,37.5419363,127.0598147
821,여의대방로22카길,1506084,763129,742963,62308,376953,323598,250628,240387,252211,37.4978124,126.9260977
672,고척로27다길,815586,411654,403932,67134,146616,141443,145204,168319,146876,37.5065778,126.8495182
930,효령로31길,1470427,749417,721012,106761,373503,317923,250104,212169,209977,37.4829672,126.9957546
760,선유서로24길,1143566,644268,499298,27768,238057,297799,237901,190005,152047,37.5236635,126.8874616
342,인촌로5길,2401714,1040352,1361366,224366,1046791,381997,289889,265162,193513,43.60564475,20.285088105044
179,광나루로37길,976397,480299,496102,88894,202889,203714,167523,170677,142717,37.5459055,127.0887125
271,겸재로29길,1730442,905699,824738,74124,366800,336820,279239,361614,311837,37.5900836,127.0854866
429,동일로192길,3874470,2059716,1814749,347400,1234586,632757,577713,578306,503713,37.6261313,127.0742913
998,구천면로42길,4300331,2221101,2079225,380145,706274,850078,804895,809914,749042,37.5447586,127.1371696
389,수유로12길,2376827,1196733,1180094,98060,599173,381591,371592,469225,457184,37.6313096,127.0221487
591,중앙로25길,748876,413656,335214,56156,136362,126743,135846,160571,133191,35.9382269,126.9586485
535,숭문8길,1111974,572339,539641,79699,326657,205426,182749,169367,148085,52.3226292,1.1463709
936,강남대로136길,1984224,1089835,894391,37009,609143,569691,360757,234817,172826,37.512996,127.0212818
728,시흥대로63길,1198849,612471,586379,55710,234031,248485,213441,244085,203092,37.4556317,126.895958
303,사가정로54길,2234820,1162844,1071980,139193,505044,396974,349607,431939,412064,37.578344,127.0867651
754,도신로60길,1483945,763533,720416,87680,268174,255092,271735,303706,297566,37.5089703,126.9200885
246,장한로26가길,1719940,921645,798296,84469,392671,406072,333403,275749,227583,37.5695295,127.0709233
683,구로중앙로28길,1695568,886455,809107,65327,365416,353918,307714,326173,277030,37.49954,126.88761
643,양천로26길,310025,166120,143907,15024,59907,75917,50570,53878,54731,37.5726127,126.8217498
837,낙성대역길,2304204,1186324,1117885,135499,847732,481072,295227,282613,262077,37.4750836,126.9624899
902,동광로12길,3203650,1582300,1621368,278443,770521,580579,546668,523147,504300,33.5009569,126.536323
480,통일로69길,2182788,1047416,1135368,106473,465314,390759,366304,431168,422778,37.6111617,126.9269323
675,구로동로15길,1039880,554164,485723,6131,152165,213204,211745,254477,202161,37.4878366,126.8824613
235,사가정로2길,1788895,919148,869738,71412,372267,353967,307946,351057,332248,37.5705647,127.0517949
852,남현길,1295187,675821,619364,42711,377423,270475,179211,205533,219830,37.4734535,126.9758829
566,남부순환로88길,321660,164901,156756,38033,50429,54210,70136,65413,43438,37.5119967,126.8409378
377,삼각산로28길,2962344,1502500,1459842,173642,977072,517775,439380,452557,401921,37.6388404,127.0200752
55,북촌로11길,498589,253373,245210,22460,116004,121100,98246,83049,57722,37.5840455,126.984098
648,월정로20길,1669285,868193,801083,41489,424164,394365,273835,280107,255310,37.5296593,126.8391818
1004,천중로39길,2760877,1395116,1365758,256784,533288,506685,460261,509785,494090,37.5440044,127.1409366
3,백제고분로45길,2034278,1011486,1022793,80721,571739,484153,312444,306971,278255,37.5097116,127.1073792
983,일원로9길,1197721,622193,575524,64490,227163,212229,209250,241668,242915,37.4912479,127.0880311
18,상암로5길,1931320,988642,942680,114229,365024,377438,357777,374880,341968,37.5525546,127.1278186
241,왕산로33길,1580906,864024,716875,31148,203415,190345,214095,362777,579130,37.5813124,127.0418065
785,노량진로6길,1360161,729465,630697,92842,490602,243218,166060,202811,164617,37.5105977,126.9361868
783,국사봉2길,1551173,772320,778857,66434,414076,317345,240275,260410,252643,37.4962442,126.928436
434,석계로1길,1373892,771438,602448,105185,373137,210892,215632,226314,242734,37.6155995,127.0617809
963,봉은사로43길,2398440,1316589,1081858,58117,635250,692254,464865,297582,250381,37.5106401,127.0395156
194,뚝섬로24길,1152234,611700,540528,35436,234369,222666,200465,256305,202988,37.5347793,127.0630435
890,양지길,1264396,716806,547597,59969,501965,235199,150579,151900,164800,35.627129,129.3310902
273,겸재로54길,2349291,1219904,1129398,133194,484652,413964,389131,515106,413256,37.5863642,127.0916122
544,와우산로29길,2166254,960929,1205333,214393,1051121,408359,225732,153495,113168,37.5554122,126.9280305
534,성지3길,1709330,856091,853239,47591,646970,462591,242879,188638,120656,37.5464093,126.915404
401,한천로140길,2012629,1023614,989014,86555,531986,352528,330358,380400,330816,37.6411479,127.0265128
150,무학봉길,1456396,687794,768599,110936,326007,312839,251690,240575,214347,37.5620869,127.0319789
920,서초대로25길,1536101,765539,770560,72722,301026,331824,309316,264271,256955,37.4903263,126.9928572
824,장승배기로10길,1863477,924248,939227,101326,441693,367775,318937,321495,312247,37.5022464,126.9446432
281,동일로130길,1764118,879543,884571,125886,334624,317524,273904,370741,341457,37.599697,127.0813377
409,도봉로109길,2107648,1007681,1099972,139381,457685,395268,355852,384670,374801,37.6469445,127.0317883
526,매봉산로2길,785642,444483,341155,30309,225462,224361,159860,91884,53768,37.5775191,126.8956685
41,송파대로30길,1945717,1103059,842661,63551,362343,446536,401020,400640,271624,37.4951276,127.1196398
655,화곡로44나길,1619411,865703,753707,77000,402800,359893,279061,259388,241262,37.5489006,126.8498596
51,난계로27길,2186033,1237827,948202,75469,438287,419538,370645,442056,440029,37.5724239,127.0201391
969,삼성로63길,2682196,1328414,1353784,861631,413764,315279,538720,344724,208088,37.4992604,127.0593992
669,경인로47길,1014417,544935,469481,137630,291793,150144,144378,152015,138460,37.5043235,126.8631807
737,당산로31길,1385753,763481,622275,48221,305751,313694,254369,248656,215067,37.5267956,126.8949899
747,대림로8길,1741301,855915,885379,42537,397666,321684,307120,360524,311777,37.490617,126.9052994
340,개운사길,1471959,830147,641813,204770,795515,163718,112530,107676,87749,37.5893884,127.029079
5,백제고분로50길,1423398,732182,691212,114874,302588,315364,240651,235236,214683,37.5136893,127.1171512
762,선유서로28길,968891,550813,418078,21804,196232,244506,202247,167270,136852,37.5245818,126.8870902
989,거마로20길,1131580,600567,531006,58082,179638,175328,202537,271447,244535,0,0
444,서오릉로21길,844090,407121,436968,53203,150492,149189,149768,181882,159569,37.6146779,126.907923
109,소월로20길,760197,374570,385626,41840,242134,206036,115434,73450,81305,37.5437942,126.9842856
159,성수일로6길,2091932,1216235,875689,53561,556986,546971,390617,329910,213888,37.5447934,127.0531656
92,청구로1길,1311650,630856,680798,73129,267954,281112,237914,227398,224142,37.5593768,127.0171968
517,동교로25길,2067259,995549,1071697,119031,787629,489485,329143,197123,144841,37.5587455,126.9205677
851,남현3길,2010719,1063823,946905,62414,599280,401530,272493,334788,340227,37.4749453,126.9789582
563,남부순환로58길,539639,283275,256365,18166,92260,99793,100129,122714,106584,37.5300358,126.8310105
284,동일로140길,1462923,744672,718244,106876,273008,257064,238737,313777,273450,37.6054302,127.0829358
105,두텁바위로1길,1388356,735406,652942,67235,400896,300819,242658,196263,180468,37.5484507,126.9755915
478,진흥로12길,2531465,1241911,1289545,109983,527945,467889,431070,508674,485913,37.6080656,126.9267332
11,동남로65길,304603,137256,167348,43007,44109,36280,55467,63898,61837,37.5476917,127.1544715
88,명동길,3638769,1856269,1782497,88675,1001273,919245,689147,523491,416942,37.5638495,126.9851142
322,보국문로16길,852864,447106,405754,77799,269170,125912,126905,121746,131332,37.6105861,127.0095173
195,뚝섬로48길,1520598,775138,745459,120045,299641,320708,263023,272806,244374,37.5306344,127.0770957
743,대림로31길,1593258,880891,712369,48139,266142,315811,312273,376525,274371,37.49699,126.89898
642,양천로24길,1054004,555632,498371,68118,192664,218990,176408,205114,192722,37.570935,126.8134114
416,도봉로181길,271364,147947,123419,7207,41764,31578,43133,69316,78376,37.6850749,127.0432969
483,통일로92길,1594691,788474,806205,101875,352135,294473,250052,295595,300591,37.6265346,126.9225444
713,독산로70길,913530,487712,425821,23771,160290,173390,169612,210147,176328,37.46711,126.9044374
858,법원단지길,1180246,601361,578893,75566,237486,217208,200540,232341,217119,37.4745369,126.922086
886,행운길,2816121,1437864,1378257,151488,1171354,590324,324406,304366,274188,37.4802838,126.9597245
808,상도로47길,1285225,641020,644204,99148,498653,191974,146441,169043,179970,37.5018838,126.9520546
514,독막로8길,1954578,966275,988300,104740,937637,469943,218483,146467,77311,37.5468072,126.9178742
384,삼양로93길,1266273,602284,663992,62246,235037,223440,231905,254111,259545,37.6377105,127.01643
29,올림픽로78길,1515474,776494,738982,63382,311449,279881,260167,305763,294833,37.5430824,127.1259562
757,디지털로57길,2232921,1179100,1053817,15441,374833,447844,439621,550829,404353,37.4915769,126.9009573
660,개봉로17다길,964325,481553,482778,58173,180335,193154,158678,178570,195418,37.4938887,126.8519722
151,사근동길,1043684,533472,510208,119565,531776,129919,94297,91595,76526,37.5609,127.04555
883,청룡길,2992221,1525862,1466351,156248,1106099,544849,367024,404989,413010,36.369266,127.2986483
529,백범로16길,2190599,1169875,1020726,216030,642358,410790,380361,303994,237061,37.546304,126.9427102
531,성미산로1길,1700088,814607,885486,93779,447944,400545,319500,242136,196186,37.5613491,126.9071609
22,양재대로116길,2506426,1281493,1224933,127958,503021,477547,445335,506384,446184,37.5380392,127.1433706
495,응암로1길,1694419,858193,836217,136472,321837,307889,308542,308720,310960,37.5816561,126.9103948
193,뚝섬로23길,2029818,1012179,1017632,72759,559599,379821,316654,390766,310213,37.5369932,127.0643171
451,연서로17길,2097996,973414,1124583,218130,384444,382829,363173,383727,365707,37.6132931,126.9147578
879,조원로18길,1581773,823201,758578,63623,432667,303814,251310,288742,241625,37.4835251,126.9124127
909,바우뫼로39길,1207331,680528,526799,12349,281670,319763,235758,189388,168401,37.4818486,127.0397202
866,신림로28길,2614663,1525243,1089425,114492,1130948,506844,300456,283629,278317,37.4719576,126.9358746
174,한림말3길,928933,431833,497099,52715,156967,209732,182964,154314,172235,37.5424154,127.0158758
283,동일로139길,1180000,615953,564038,70852,226089,199597,195853,257714,229878,37.6032455,127.0767186
126,한강대로104길,1179929,653189,526735,32946,283719,275207,229125,192453,166465,37.5503292,126.9736779
77,난계로11길,1873390,956618,916776,48009,379911,385718,320448,393606,345702,37.566472,127.022131
867,신림로38길,791197,453356,337848,25713,284855,166164,105672,99182,109628,37.4769869,126.9379876
985,학동로38길,1810246,930609,879647,32591,453442,486265,372050,262425,203487,37.512983,127.0345388
910,반포대로9길,981838,528999,452840,80838,210840,215588,195939,151286,127345,37.4828629,127.0082883
596,중앙로51길,1464091,717645,746455,94980,211701,297640,269656,286074,304052,37.524486,126.8476351
590,은행정로7길,1592817,816374,776441,158173,295384,285230,294117,292837,267096,37.5221148,126.8566305
975,선릉로133길,2496955,1296072,1200883,71833,677928,715290,472335,300981,258587,37.5180512,127.0396723
80,다산로36길,1344410,689642,654774,71592,267378,289358,245947,262702,207432,37.558765,127.019755
641,양천로24가길,1160759,611839,548925,76816,199302,237818,194007,234304,218518,37.5715921,126.8137232
723,시흥대로150길,1324772,731026,593744,27489,290249,314773,238611,252154,201488,37.4759396,126.9009248
506,홍제내길,683383,318794,364595,50374,135252,120157,123853,124860,128883,37.5838173,126.9366008
687,구로중앙로8길,1997205,1060792,936418,56711,351894,404722,392247,446330,345314,37.4936535,126.8932026
507,광성로6길,1761406,955865,805536,181110,602681,286477,266189,229012,195926,35.8951979,128.6353587
173,청계천로10나길,873051,476789,396267,23749,159029,185045,163034,181619,160581,37.5700477,127.0349215
121,장문로45길,1200778,657925,542856,27887,385209,305260,200421,143625,138385,37.5292129,127.0004245
90,장충단로8길,1296126,676977,619142,38695,352989,286091,226894,223135,168321,37.5628161,127.0095494
809,상도로61길,1699852,877176,822680,188340,682197,238861,197139,190562,202761,37.4947738,126.9571472
717,범안로11길,653319,397432,255886,15345,162685,164546,115667,119986,75094,37.4687655,126.8909338
863,승방길,1540802,817294,723513,42688,464318,306302,210852,257391,259249,37.4731877,126.9793357
528,방울내로9안길,1443671,699921,743744,89887,344762,326856,273158,217151,191865,37.5608618,126.9005211
393,인수봉로56길,1072565,521444,551128,43613,219306,186955,190833,207064,224788,37.6365028,127.0140396
4,백제고분로46길,1700466,832267,868198,109671,383186,360773,273150,296763,276932,37.5095493,127.1124065
61,옥인길,796819,357225,439599,79870,198316,159634,148638,125276,85080,37.5804206,126.9674076
875,인헌길,810670,400665,410011,44350,231219,175156,123068,123095,113794,37.4693857,126.9685141
372,도봉로45길,1623820,743629,880195,114427,337667,274456,273238,332921,291115,37.6230926,127.0233941
144,마조로16길,1054107,538960,515146,60692,340695,187763,145692,162915,156352,37.5649078,127.0438108
618,곰달래로25길,3545076,1801642,1743440,213002,872774,774782,593322,560949,530251,37.5335722,126.8470334
786,대방동27길,957300,495865,461433,111368,226298,180411,160549,149222,129453,37.500932,126.9247993
356,한천로101가길,540117,296829,243293,29031,68864,80401,116837,128743,116236,37.6199614,127.0498339
649,초록마을로3길,1329813,692155,637656,73495,314379,311783,226938,203280,199938,37.5460235,126.8472327
317,동소문로13길,3235775,1517236,1718540,354830,1091634,531513,444769,436383,376637,37.5940651,127.0133272
1,백제고분로39길,1350290,664267,686024,60609,314008,316896,224150,230418,204212,37.5062744,127.104212
463,은평로20길,807488,421917,385568,77621,133539,161117,145456,157832,131929,37.6001274,126.9325724
892,소담길,1510126,830070,680053,73731,535603,274761,204710,199284,222042,25.2187857,109.2002632
903,동광로1길,959680,492599,467079,85275,201598,185050,202286,155374,130099,33.5025166,126.5286462
330,삼양로8길,1448210,676901,771318,129160,230232,267959,298503,256103,266252,37.6080691,127.0247606
498,증가로23나길,2518780,1257378,1261396,242551,470366,456089,457833,445999,445943,37.5806993,126.9130685
611,강서로47라길,1092911,503508,589407,242133,172966,178721,194361,160660,144078,37.5522762,126.8325922
368,덕릉로40길,713056,358196,354857,30956,166070,115372,121826,142507,136321,37.6339402,127.032952
881,중앙길,3051193,1509593,1541609,189198,876500,597216,460305,455972,472019,36.367652,127.2989824
780,영등포로84길,2038065,1034303,1003755,114710,515520,391297,354203,355457,306878,37.5127629,126.9221459
945,논현로115길,2630921,1390972,1239950,45975,809372,757258,473134,301384,243800,37.5080293,127.0298847
28,올림픽로77길,1611348,778864,832492,58704,311473,321983,290026,319332,309823,37.5440013,127.1229954
734,경인로80길,953940,503103,450831,16231,239095,247401,167319,152166,131732,37.5120368,126.8954844
432,상계로1길,2633125,1288687,1344438,354996,862308,399497,360967,369891,285468,37.6567157,127.0620069
73,창신길,1234637,632187,602451,58291,246656,189708,219660,295387,224937,37.5766597,127.0094626
450,연서로16길,2370544,1112266,1258283,238359,450745,454304,422891,425512,378741,37.6083516,126.9176267
407,도당로19길,861893,458028,403871,29823,172309,148560,148275,184754,178178,37.4929108,127.0379101
699,오류로8길,1159379,585451,573937,54148,243217,232540,193509,211014,224948,37.4921919,126.8434183
782,국사봉1길,2105825,1040636,1065191,99794,540998,416848,331909,363441,352845,37.4989359,126.9299094
873,양녕로6길,3363383,1676227,1687157,189750,1099168,659902,463395,474266,476908,37.4837671,126.9498016
874,은천로25길,1141417,547860,593559,110919,247341,229323,209863,169540,174434,37.4887153,126.9491661
114,원효로19길,779683,428019,351676,49034,138687,178434,163729,133852,115948,37.5332447,126.9543115
221,답십리로56길,1274448,643875,630577,87805,225476,247654,235821,247308,230389,37.5691833,127.0593321
796,사당로16가길,1471408,734244,737167,81739,352843,300993,228760,243464,263615,37.4838448,126.9704613
716,문성로5길,1591873,858399,733474,51420,349539,384178,292657,283950,230124,37.4779552,126.905042
697,새말로18길,816584,417345,399236,31640,202444,189515,129944,139603,123438,37.5027128,126.8923499
835,구암길,955843,461966,493873,119772,156048,189473,194640,141865,154043,37.3204965,127.8221613
857,법원단지9길,1127304,568409,558900,71422,222455,212161,197777,216897,206599,37.4754208,126.9223528
1002,양재대로91길,1815759,956369,859384,148531,350734,325398,322493,345759,322851,37.5283791,127.1335173
485,독립문로8길,1845095,951323,893774,170159,403986,340624,327548,309357,293449,37.5672137,126.9589508
950,논현로28길,1092886,595332,497550,18269,246081,275141,213588,182604,157211,37.4834641,127.044366
325,보문로31길,2225390,1038548,1186844,172402,721789,386751,332513,338580,273349,37.5877645,127.0145457
1003,진황도로47길,3242885,1661901,1580981,141259,656223,651677,591875,645439,556421,0,0
650,초록마을로8길,1055777,495992,559778,59337,221626,252444,196302,149600,176469,37.5409569,126.8483809
935,강남대로118길,1623375,874496,748886,35796,603325,453114,254665,148174,128304,37.5071061,127.0260796
718,범안로17길,583924,347481,236441,15071,140812,141472,101271,111934,73366,37.4675893,126.8942108
752,도신로15길,1825716,926038,899672,68115,383102,394471,318544,348026,313464,37.5070684,126.8976872
978,압구정로2길,1796615,828335,968282,100460,639804,456503,278934,176234,144684,37.5196083,127.0204368
865,신림로11길,2051915,1270995,780925,103890,1010611,387044,221440,178992,149953,37.4700034,126.9392547
296,면목로56길,1654456,867105,787367,110831,357184,295091,276734,343042,271587,37.5838949,127.0912496
242,왕산로43길,1567585,798365,769220,67489,381120,242908,220506,292400,363153,37.586822,127.0470342
856,미성5길,1101110,558362,542749,78678,216053,196447,183728,221096,205126,37.4732914,126.9146519
733,경인로77길,909394,472330,437057,19403,228476,228914,160385,145334,126881,37.51431,126.88953
571,목동로9길,1848116,946050,902077,262870,374670,320276,342654,295807,251848,37.5227274,126.862097
353,종암로5길,818817,412826,405992,71081,325826,119188,103566,108039,91112,37.5928094,127.0330428
192,동일로24길,3138531,1641462,1497069,236732,1603697,511191,318084,278919,189922,37.5433686,127.0675108
154,서울숲2길,1112170,620034,492138,31759,285984,267193,209075,180198,137968,37.5466768,127.042247
628,공항대로61길,1581764,803724,778039,88645,338453,368958,283426,269810,232474,37.553029,126.866478
172,장터길,1461959,725651,736313,95805,260021,296535,251151,258879,299567,35.9875035,128.0291773
334,안암로5길,1594493,872148,722346,104177,493453,279697,231460,262368,223334,37.5805542,127.0234689
220,답십리로23길,1456173,779306,676861,109453,360423,268856,246553,239898,230991,37.5789784,127.0507229
427,공릉로58길,651028,340250,310772,83958,184428,81350,94150,112506,94627,37.6361807,127.0750419
112,우사단로14길,1908110,1049838,858279,36307,778755,530685,274353,168105,119909,37.5338067,126.9985549
991,마천로51길,1013625,553653,459967,46509,142403,151103,179042,255441,239120,37.4967357,127.1521051
878,조원로10길,3666344,2083337,1583014,78955,1069171,967796,624080,537615,388724,37.4821135,126.9051635
140,둘레9길,895012,498711,396304,34129,181173,195337,159158,200829,124388,37.5373839,127.0509176
165,왕십리로14길,1646732,941905,704830,51413,416265,420259,310018,256713,192079,37.5484393,127.0467829
895,강남대로8길,775180,458701,316478,25050,164057,201413,156520,133061,95086,37.4679231,127.0420988
722,시흥대로141길,1175562,660676,514891,9906,299546,279118,196150,225243,165593,37.4770137,126.8978046
707,금하로24길,825501,420425,405075,73205,145716,138673,141318,159319,167271,37.4485744,126.9085843
413,도봉로152가길,314686,174385,140305,4643,43312,51028,62194,77521,75991,37.6779107,127.0454359
276,답십리로75길,1075824,553308,522526,68174,182095,216083,198723,225586,185168,37.577572,127.0802281
615,강서로8길,3889205,2010343,1878866,228246,915593,852442,663735,639277,589915,37.5303815,126.8538236
807,상도로37길,1414312,706687,707626,104384,519371,221502,169199,194167,205690,37.5003784,126.9508288
735,경인로90길,1063463,500337,563121,31700,291886,251825,178684,167518,141846,37.5137752,126.9020402
619,곰달래로31길,2053209,1059742,993456,123315,433577,470675,370753,332797,322093,37.5332878,126.8512389
302,사가정로42길,1649376,840071,809310,91104,282775,304851,296319,359079,315258,37.5792234,127.0831034
830,관악로14길,3542717,1817075,1725645,189287,1595535,677059,394902,376837,309116,37.4785806,126.9555546
412,도봉로147길,1158044,606692,551368,52693,214051,206179,203570,253182,228367,37.6651829,127.0422014
627,공항대로59다길,1985986,993659,992326,134651,391681,450846,364735,339965,304120,37.5497193,126.8713748
440,갈현로33길,1258292,587844,670445,161475,288028,226284,190258,195405,196844,37.6220475,126.9128361
794,만양로14길,2086816,1197468,889346,92548,1144482,389482,152698,161107,146489,37.5125923,126.9475526
676,구로동로28길,1476852,775178,701685,31578,247697,299383,297445,322499,278254,37.4909479,126.8878011
387,솔매로50길,2377521,1106903,1270617,184894,466120,410173,408866,483498,423982,37.6245866,127.0276714
256,제기로5길,1331086,714887,616199,115532,638784,170158,134251,142825,129542,37.5874925,127.0348264
111,우사단로10길,2216213,1190807,1025418,34866,792084,603203,353483,233628,198954,37.5321302,126.9998945
487,모래내로15길,1171251,577996,593261,95044,214945,230698,220642,200843,209090,37.5744472,126.9184977
559,곰달래로3길,894294,461557,432736,26756,163040,172393,162530,196316,173265,37.5318236,126.8327934
871,신사로20길,837114,427522,409597,22896,284698,185326,111605,121999,110588,37.4869785,126.9176515
254,전농로4길,1846213,983307,862910,84007,364399,361519,337140,369327,329818,37.5665307,127.0593217
748,도림로112길,1722792,850945,871847,70901,320054,349864,314969,349426,317584,37.5099901,126.9032858
122,청파로47길,1924819,770839,1153976,214985,830194,322087,220590,186005,150956,37.5451529,126.9648591
360,화랑로19길,1174206,578796,595414,51605,267784,200826,200439,228354,225205,37.6080193,127.0496318
864,신림동길,3202508,1676591,1525916,118249,1392854,699316,356673,330619,304818,37.4871372,126.9264584
52,돈화문로11가길,1818586,1015350,803234,54272,536086,351012,287612,285502,304103,37.5748662,126.9905741
190,능동로4길,1411900,700888,711021,105834,267748,278447,265050,259049,235771,37.5320251,127.0701166
823,여의대방로46길,1269738,655523,614212,82131,338687,235654,227600,206747,178917,37.5109088,126.9259407
904,동광로39길,663229,308924,354310,36013,124816,138655,159042,107601,97113,37.4981493,126.9996072
814,서달로8가길,4004024,2035258,1968765,334282,1549496,539533,509150,534889,536670,37.5057709,126.9624449
908,마방로2길,782591,461057,321544,32581,169550,204044,160067,127452,88901,37.471393,127.0393162
278,동일로101길,1505637,770924,734721,96172,259043,259893,284977,337770,267782,37.5887492,127.0765715
454,연서로28길,5052981,2484208,2568778,450069,1473055,855160,740320,783166,751229,37.6175151,126.9214359
629,공항대로8길,926332,518116,408220,40874,228124,193422,153455,163815,146645,37.560912,126.8122272
202,아차산로55길,1944615,1010353,934256,117663,546454,417618,322141,306720,234030,37.5397487,127.0864326
304,신내로7가길,1341579,674013,667568,125526,262593,252686,219137,257502,224134,37.6023705,127.09395
839,난곡로26길,819877,428831,391052,53101,171956,142602,134635,171066,146541,37.4692895,126.9242977
218,경희대로4길,3010009,1461800,1548203,291775,1485704,400973,295053,277999,258498,37.5913675,127.0567283
19,상일로5길,175166,118366,56804,19644,17970,25541,36211,48797,27009,37.5499728,127.1725978
899,남부순환로339길,799298,460355,338938,24302,150706,209196,174842,125750,114504,37.4861355,127.0226379
819,여의대방로22길,991235,512295,478943,43562,242922,206132,171557,161936,165134,37.4980908,126.9263577
638,방화대로21길,730054,407710,322343,28248,177797,142515,115994,135930,129577,37.5642626,126.8121681
542,양화진길,1760212,876524,883693,45505,611963,478144,271537,212505,140546,37.5473122,126.9122174
410,도봉로114길,2884788,1370767,1514026,222665,614423,532105,482528,524339,508719,37.6475306,127.0364361
853,당곡길,1427394,726098,701302,46111,417219,345279,220871,192750,205161,37.4910317,126.9284397
662,개봉로20길,800844,399152,401693,65101,141504,150943,136459,146682,160159,37.493461,126.8591389
338,인촌로17가길,1057947,497312,560640,86858,443754,159071,117831,132976,117475,0,0
617,개화동로25길,779644,416321,363329,47114,190881,143230,119794,142460,136170,37.5654875,126.8098048
943,논현로106길,2258251,1233328,1024917,28908,622689,694250,421753,272942,217713,37.5062532,127.0349295
561,남부순환로33길,753195,410885,342314,26168,146681,149613,140758,153255,136719,37.53828,126.8303147
319,동소문로26가길,3474719,1547592,1927130,429224,1563147,527844,389027,324090,241381,0,0
337,오패산로4길,1971134,913140,1058001,149441,457988,338466,360115,346715,318407,37.6039944,127.0409008
725,시흥대로22길,192598,123169,69426,13851,21856,41219,34832,46082,34767,37.4408931,126.9059672
481,통일로78길,1458266,703391,754877,97784,302095,265396,231186,261906,299911,37.6173492,126.9236814
579,목동중앙서로8가길,848385,426561,421828,67723,187094,164620,151890,151893,125166,37.5311369,126.8652139
750,도림로63길,924944,506032,418915,29205,144859,158939,173737,241136,177068,37.4998618,126.9030627
253,전농로3길,1868100,932359,935734,120963,352967,363660,334924,358167,337418,33.5054046,126.515345
695,부일로15길,190850,108281,82567,13259,31647,33142,39243,37930,35638,37.4943124,126.8324869
921,서초대로4길,3063157,1491616,1571543,206171,773222,594556,501093,505000,483133,37.4833484,126.9861902
679,구로동로42길,1419883,730398,689480,45955,275069,280723,273893,297909,246342,37.4972312,126.8835946
43,양재대로64길,1882204,1025310,856897,94736,357261,409817,367328,384838,268224,37.4999969,127.1232
176,광나루로12길,2415796,1274861,1140932,139355,1160351,417594,271334,257569,169606,0,0
326,보문로32길,3351161,1450656,1900501,366418,1556450,514405,372358,325537,215985,37.5897446,127.0176827
685,구로중앙로42길,551069,312917,238141,38859,94449,107426,109221,106184,94924,37.5100927,126.8780325
345,장위로50길,662751,358345,304399,30225,124184,95232,114918,142509,155682,37.6149797,127.0570392
730,시흥대로84길,920266,468859,451411,31804,164918,189746,161467,200370,171972,37.4607184,126.9015105
1001,양재대로133길,3632055,1860610,1771435,374776,643711,660858,654604,677687,620420,37.5479528,127.1417572
770,양평로28길,345363,192734,152633,9413,87974,103233,62027,50354,32368,37.5419571,126.8917918
493,신촌로37길,7591396,3958952,3632443,235594,1768195,1951495,1555277,1211469,869366,37.5584335,126.9592125
405,도당로13가길,1232758,661959,570813,48937,224066,206318,213911,275948,263573,37.6676215,127.0388654
584,신월로20길,826335,455797,370532,39102,118174,157206,160984,183625,167230,37.5180279,126.8456441
639,방화대로6라길,408863,237304,171563,30448,72244,84799,86626,77398,57345,37.5556122,126.81843
565,남부순환로79길,808951,455831,353106,45384,112361,149145,165063,190483,146506,37.5183077,126.8435003
310,길음로7길,1101759,533733,568027,127826,188734,195039,202340,178676,209131,29.2317542,92.0023306
979,언주로81길,3428994,1913164,1515833,70805,879628,971475,706706,456627,343760,37.4992873,127.0398606
593,중앙로36길,1161948,609693,552249,110884,203294,194563,227078,236794,189351,37.5196865,126.8571227
435,한글비석로22길,1614632,835079,779557,154773,316444,230428,285232,325935,301836,37.6604876,127.073436
508,대흥로21길,5303738,2346641,2957101,397898,2689987,802295,519484,507690,386378,37.5534162,126.9452581
518,동교로27길,3008741,1377872,1630858,182731,1282488,690100,413953,251232,188239,37.5600724,126.92124
445,서오릉로8길,1742904,854008,888896,86243,357878,348318,294372,347846,308250,37.607619,126.9225977
376,도봉로99길,1336118,685890,650222,52694,321944,231005,226583,265845,238047,37.6439905,127.0265356
726,시흥대로36길,192283,107043,85237,20265,23992,39897,35185,39603,33348,37.4436688,126.9046485
307,용마산로118길,1144130,554137,589991,78118,170176,193245,187691,268521,246379,37.6011318,127.1046321
877,장군봉2길,1519266,818404,700866,70416,461949,278403,217722,241157,249618,37.4826836,126.9377345
456,연서로33길,1338273,646225,692047,86742,256822,239047,213390,256401,285889,37.6209679,126.9247405
970,삼성로64길,1703374,906962,796412,588483,248309,198591,334524,205637,127839,37.5005743,127.0626515
308,용마산로94길,774254,418845,355406,69105,162878,134700,123504,160184,123886,37.5891164,127.1002918
942,남부순환로365길,1455595,798594,656995,61254,310823,340710,278096,229226,235490,37.4878265,127.0398415
277,동일로100길,1472139,763658,708479,52567,292829,282630,238844,331124,274134,37.5898402,127.0825062
255,제기로21길,785943,422081,363869,24700,203582,135669,111163,142081,168760,37.5903853,127.0409848
859,복은길,1147750,668879,478876,46957,464059,231724,136650,128286,140094,37.4747159,126.9399065
274,공릉로12가길,840525,439392,401137,78538,195469,142152,146389,150528,127455,37.617319,127.0814352
671,고척로27길,836949,422180,414771,62678,143590,149154,151673,171636,158218,37.5028479,126.8469329
198,뚝섬로64길,796559,422226,374332,36991,167567,160267,122930,159660,149144,37.5313344,127.0889714
447,역말로9길,1954611,887878,1066734,179857,381368,367902,338080,353217,334199,37.6115238,126.9210973
828,흑석로9길,3155371,1609946,1545424,308188,1421984,377977,339647,357358,350218,37.5080097,126.9580641
578,목동중앙서로7길,1128522,568284,560239,123655,225873,208235,204352,205684,160719,37.5335094,126.8660239
436,한글비석로24길,2012532,1044985,967550,137225,422954,290843,339236,416099,406177,37.6638444,127.0742607
951,논현로63길,1599082,904653,694427,40837,417923,439008,308385,216742,176184,37.4919623,127.0375573
700,우마길,1157987,689875,468117,17140,192048,245097,253631,262837,187228,37.4813768,126.8883312
884,청림3길,1079483,542582,536899,82306,235263,211721,179430,171474,199288,37.4889486,126.9589545
48,도봉산4길,54882,32572,22311,309,2185,2282,5578,18387,26137,37.6887763,127.0423106
386,솔매로45길,1423310,684592,738715,104793,298495,215282,226167,301467,277109,37.6264771,127.0253259
586,오목로30길,1409218,720727,688489,93069,264676,260746,254697,276058,259984,37.5229982,126.854154
665,개봉로3길,926488,462346,464137,63032,145969,168652,168977,198145,181706,37.4861005,126.8513964
297,면목로78길,2211900,1141124,1070762,75190,480833,430975,358864,469328,396694,37.590659,127.0899523
992,백제고분로21길,1908563,938792,969776,155807,401905,439523,340398,288210,282739,37.5068964,127.0916188
583,신월로15길,1263660,675709,587946,76889,181561,227993,253054,275265,248898,37.5197179,126.8416846
62,율곡로10길,1172123,649329,522791,35807,390595,227120,178915,172043,167639,37.5752051,126.9912859
982,일원로3길,1265217,665776,599440,72070,238189,225047,222937,254558,252412,37.49241,127.08381
380,삼양로27길,1891998,919652,972337,184488,307031,306260,346717,356801,390689,37.6187847,127.0165842
331,성북로8길,856999,390925,466078,71481,226419,168586,142803,133676,114046,37.5915303,127.0054742
247,장한로26길,1559461,824327,735132,95287,336024,351362,301910,255049,219825,37.571531,127.073673
248,장한로27가길,1369012,732298,636718,96109,236138,268571,268644,271915,227647,37.5757727,127.0705885
933,방배중앙로21길,1215633,619565,596066,114463,264513,215120,224231,200753,196553,37.4920174,126.9844063
937,강남대로140길,2027070,1075449,951624,59651,658739,551519,356201,236402,164573,37.5138523,127.0211817
616,개화동로23길,1024434,546160,478277,67950,231257,187806,162186,189189,186057,37.5661345,126.8093546
741,대림로22길,1634599,858599,775990,26245,266205,302942,311760,402350,325105,37.4958543,126.9054045
339,인촌로1길,2690326,1230073,1460250,228027,1033183,445685,362039,347939,273449,43.60564475,20.285088105044
670,고척로21나길,636361,322332,314037,36419,110726,117391,112785,127112,131934,37.5022485,126.8431427
230,망우로21길,1791284,902679,888600,135870,746710,254777,202489,233145,218283,37.590297,127.0624388
163,아차산로15길,1580634,899992,680634,36299,540398,349744,261666,240397,152138,37.546997,127.0638424
709,독산로108길,1871791,1006595,865199,61568,427223,452548,345361,326538,258555,37.4797388,126.9069902
87,동호로8길,2103728,1064693,1039030,126987,515802,431923,347995,331945,349077,37.5525485,127.0132326
803,사당로2차길,493994,247927,246065,25168,117056,105771,78900,84471,82624,37.4877699,126.9655553
673,고척로52길,719482,380935,338550,39135,130545,125470,129644,150382,144306,37.5014173,126.8558349
815,성대로1길,1558531,771180,787354,64455,391322,303696,243190,280313,275559,37.5008596,126.9336843
954,도산대로15길,1611034,739649,871389,65536,589122,445890,249294,148285,112903,37.5201869,127.0237081
486,명지대길,1541892,778572,763323,276572,553293,192271,193901,180421,145428,37.5803014,126.9250688
893,강남대로23길,521112,307888,213230,6025,116760,152086,112473,78403,55364,37.4764137,127.0373999
129,한강대로52길,999335,580122,419215,13596,268351,309110,193498,127282,87507,37.5319969,126.9720943
706,금하로1길,109019,57325,51696,9755,14467,24863,25488,19621,14824,0,0
632,남부순환로11길,728797,421283,307515,33789,148900,159899,142485,134718,109006,0,0
580,신목로2길,1125390,543804,581587,162178,189591,172099,232079,210923,158508,0,0
467,응암로13길,1660628,861833,798791,101075,325477,301579,293942,317368,321192,0,0
74,통일로12길,960293,444247,516045,89693,171763,166316,179282,165442,187802,0,0
804,사당로30길,2447018,1224297,1222722,96423,674451,499557,365861,411560,399169,0,0
200,아차산로40길,2341032,1202428,1138611,184840,674465,459899,342794,368061,310979,0,0
431,상계로12길,2419221,1189401,1229833,219498,521920,336608,405599,503189,432412,0,0
290,면목로21길,1121907,587595,534323,59839,211608,228252,200140,233262,188813,0,0
86,동호로20길,1897420,992718,904698,92568,504915,394471,323033,319145,263284,0,0
502,통일로11길,936504,455599,480910,88263,177434,168108,169513,161671,171525,0,0
57,북촌로5나길,182615,89671,92939,6475,49118,45463,35363,30070,16124,0,0
1006,천호대로170길,3255534,1645745,1609790,176784,672735,660941,591114,613136,540822,0,0
897,남부순환로317길,1544406,815003,729403,95403,356884,359966,302800,240910,188437,37.4804301,127.0106484
359,화랑로14길,1399801,644404,755400,113823,357614,252759,250353,222529,202719,37.6010343,127.0432032
226,답십리로69길,885613,480176,405443,71451,145413,174619,180945,170008,143184,37.5751937,127.0740928
39,송이로32길,1537008,807907,729099,111158,324472,337099,261859,275351,227074,37.4895492,127.1282123
521,마포대로20길,2164726,1076810,1087904,94147,509026,537028,391072,360350,273102,37.552246,126.9569659
826,장승배기로27길,1898356,1011889,886468,103399,908359,337860,175600,209567,163568,37.5118396,126.9391286
390,오패산로30길,1319245,639700,679539,104942,307972,222747,220328,225303,237949,37.6146789,127.0350232
208,자양로15길,2229187,1144421,1084770,133311,650683,442196,335230,367941,299838,37.5342947,127.0779889
267,휘경로14길,1896568,999369,897206,136660,727140,273997,243102,259240,256440,0,0
137,고산자로6길,2257305,1122748,1134553,199273,675668,438176,342439,320612,281147,37.5578444,127.0349628
811,서달로10길,2387900,1183083,1204818,155491,764954,365383,347131,366385,388557,37.5037984,126.9634944
604,강서로17가길,1774974,847082,927897,89130,446892,382036,279626,278979,298321,37.5334456,126.8445258
620,곰달래로47길,959240,462539,496697,61717,178350,220640,177419,153997,167131,37.5346836,126.8556101
501,충정로6길,2547737,1430196,1117548,94326,566200,661345,545173,417049,263650,37.5624798,126.9666785
753,도신로29길,1291372,640223,651146,53146,219196,251211,238507,279901,249420,37.5100697,126.9045366
164,아차산로5길,1579517,929042,650474,41129,409146,415284,293584,254449,165925,37.5472982,127.0525683
568,목동동로12길,1946574,942752,1003819,256083,423833,348334,388207,306813,223301,37.5223877,126.8766526
548,월드컵로16길,1824295,852868,971434,92783,524831,455729,342634,226189,182123,37.5573354,126.9111914
609,강서로45다길,1416968,679662,737302,153093,284118,264937,230305,246954,237549,37.5463652,126.8349156
988,학동로77길,1212413,550014,662399,51879,262552,307256,234607,179987,176130,37.5203514,127.048478
170,용답29길,1947879,1026183,921693,63044,435517,368964,338175,379447,362722,37.5645632,127.0527122
532,성미산로32길,2038893,880965,1157922,62006,933996,490601,250499,164136,137658,37.5633704,126.9236589
749,도림로147길,795408,440037,355371,29941,154038,206397,161263,128050,115722,37.516068,126.888989
986,학동로56길,2863950,1473586,1390376,125903,767521,782794,537764,341775,308201,37.51603,127.0426366
524,망원로11길,1797896,864846,933056,112167,452957,406189,340136,263149,223305,37.5587401,126.9060963
301,봉화산로56길,1709540,853406,856138,170740,326032,301723,289488,340714,280838,37.60536,127.09784
265,한천로40길,1015676,526990,488697,70217,167988,185935,202370,201570,187615,37.641506,127.026894
681,구로동로8길,2302637,1255475,1047189,40244,335499,482593,487228,524130,432950,37.4881731,126.8870845
595,중앙로47길,1028744,564463,464281,64625,185292,182349,184632,224442,187401,37.5203976,126.85069
952,논현로8길,464923,257982,206943,20701,79706,106794,96966,87777,72969,37.4750487,127.0533676
784,국사봉길,1647047,796077,850970,83593,412258,344448,263040,276886,266824,37.4988591,126.9285626
130,한강대로62길,920280,531537,388746,12993,241978,282827,172564,122740,87190,37.5327854,126.9735417
842,난우길,1086064,545870,540197,74187,220247,197633,190537,209727,193740,37.4732169,126.9189225
927,주흥길,2325825,1208041,1117790,93788,724220,631590,388683,278681,208861,37.508125,127.0195257
997,구천면로41길,3717778,1946990,1770782,284536,623968,736863,705573,721310,645528,37.5463126,127.1336285
289,망우로73길,687977,323636,364339,58687,99486,122603,114373,155478,137357,37.6025231,127.1033397
703,가산로3길,627167,382207,244958,5721,170616,161503,106938,110886,71501,37.4722845,126.8917604
335,오패산로19길,1710792,814476,896324,150644,355419,291260,312476,300027,300977,37.6098332,127.0342428
980,영동대로112길,1083190,572324,510862,30063,226670,285365,226261,177391,137437,37.5158846,127.065351
406,도당로13바길,1068967,562872,506109,40011,186719,173868,186326,245139,236911,37.6689023,127.0368365
658,개봉로11길,1102622,545726,556894,68928,174724,207816,197410,233476,220263,37.4872902,126.851881
12,동남로82길,52127,41726,10399,5108,3425,7137,9670,17535,9265,37.5605623,127.1645925
103,녹사평대로46길,721042,349299,371747,24078,263248,198543,121498,61892,51780,37.5371719,126.9874019
417,도봉산길,179367,99995,79373,4888,22671,18364,27696,48565,57185,37.6864441,127.0410223
907,방배천로4안길,2208501,1123877,1084619,79609,593122,441833,332034,384871,377039,37.4818133,126.9834085
959,도산대로81길,1012975,473130,539854,23388,256213,295736,192469,138116,107062,37.5268371,127.0467608
204,아차산로78길,664199,337117,327077,37440,144047,126490,122382,126995,106848,37.5508933,127.1102258
929,효령로23길,1512740,764379,748362,130876,372390,303730,252432,224237,229077,37.4823511,126.9931299
552,월드컵로7길,2043337,959496,1083841,73608,662916,539560,343757,240290,183213,37.5517082,126.9073645
654,화곡로31길,2437856,1172600,1265248,153829,583621,532073,385574,395108,387650,37.5444704,126.8403394
70,창경궁로35길,1545188,741021,804164,174581,558919,238675,208944,189804,174277,37.5872078,127.002138
314,돌곶이로28길,1049268,532804,516463,38706,218661,173877,190334,218059,209631,37.6122628,127.0567401
232,무학로45길,1574964,954657,620312,142924,672372,251617,180648,183916,143474,37.5807547,127.0285468
967,삼성로147길,1343456,608505,734955,42980,339148,371683,250472,178800,160370,37.5218377,127.0472663
551,월드컵로36길,1087580,513911,573670,97728,265294,229603,189805,158778,146375,37.5670419,126.9039195
142,마장로27길,1474424,777777,696646,61280,381510,282089,253401,282505,213651,37.5668143,127.0344512
860,봉천로13길,1327339,667139,660208,59878,397300,311838,191692,178476,188157,37.4899954,126.9308852
348,정릉로8길,185699,107513,78187,29635,91662,18203,14001,16793,15409,32.0618266,121.1990977
793,등용로14길,1102819,603070,499750,92489,427626,185651,131944,145335,119765,37.5122887,126.9342611
209,자양로26길,1876113,963054,913048,119524,534898,406099,310196,290212,215195,37.5410325,127.086969
287,동일로163길,1381725,691825,689909,58042,288510,284224,240577,268556,241824,0,0
840,난곡로34길,1169722,599770,569963,72428,240220,214605,193159,232807,216529,0,0
644,양천로49길,330109,173818,156287,21257,73913,79486,52200,58050,45200,0,0
656,화곡로59길,1521187,816189,705001,58253,406423,343106,259844,242591,210971,0,0
490,세무서2길,1394021,648763,745261,88723,280906,236139,232678,274087,281479,0,0
816,성대로29길,1402117,701940,700180,53634,333202,282891,228106,252049,252243,0,0
117,원효로89길,1973178,961295,1011887,155269,627757,458754,314160,231742,185497,0,0
421,방학로6가길,1509674,803592,706096,70908,261225,253125,262228,342769,319417,0,0
119,이태원로27길,2216889,1158130,1058766,50881,1019512,576347,275526,178319,116304,0,0
854,대학14길,1107208,688379,418824,57012,469168,222664,140637,106485,111259,0,0
96,퇴계로56길,1602624,858975,743647,59728,471783,357955,286136,237077,189947,0,0
931,효령로34길,1007925,512837,495088,102037,222449,188180,170843,160022,164391,0,0
76,필운대로1길,1105673,516409,589269,92259,275617,228772,210674,173126,125213,0,0
231,무학로16길,684429,382189,302247,21104,125753,149119,133348,132891,122214,0,0
469,응암로22길,1814875,900017,914865,160510,301714,367195,358635,312954,313867,0,0
249,장한로27길,1596613,847585,749034,98468,305980,332530,303935,306599,249114,0,0
197,뚝섬로58길,1099765,560168,539597,60352,217928,238931,179880,206218,196458,0,0
691,디지털로27길,1617346,979186,638163,24367,300915,393240,363896,314586,220341,0,0
459,연서로41길,1119528,568518,551007,77342,184349,201229,193091,222889,240642,0,0
724,시흥대로153길,1215013,701438,513574,13682,343532,309131,192448,207755,148465,0,0
538,신촌로28가길,1567184,678318,888866,108129,496068,295228,234036,242650,191066,0,0
598,지양로7길,320726,179696,141025,19169,57153,55171,62378,61557,65306,0,0
123,청파로47나길,2192663,865890,1326773,219087,865901,362070,280307,259111,206189,0,0
95,퇴계로46길,1504717,837695,667017,92407,504356,274956,246649,216501,169850,0,0
476,증산로9길,478068,247933,230123,24303,92183,92939,84819,86247,97571,0,0
215,천호대로123길,1792761,871436,921323,99390,375001,347580,306176,351898,312719,0,0
932,효령로72길,1301060,743469,557594,39451,265248,330986,286362,212955,166067,0,0
240,왕산로32길,1115986,578839,537150,25754,211950,191391,173272,209754,303860,0,0
133,한남대로20길,1015973,478056,537917,12244,250034,286935,196348,140083,130329,37.5352427,127.0098141
484,가재울로6길,1502944,761544,741402,135950,408280,257605,247600,235194,218325,37.5759024,126.9229664
984,테헤란로81길,1589353,936766,652587,35161,377252,500446,350794,193123,132588,37.5087657,127.0566657
918,서초대로15길,1286076,639893,646192,99351,259893,260147,261895,205274,199513,37.4873311,126.9899281
901,논현로27길,1150673,649938,500737,12476,269483,321608,234952,176975,135181,37.4800049,127.0419479
558,곰달래로2길,601967,329589,272386,14415,112674,124047,113178,127055,110591,37.5278817,126.8345265
396,한천로109길,710345,348788,361564,49474,107025,109820,140031,139899,164100,37.62825,127.04235
394,인수봉로72길,1132440,535539,596908,76416,205948,190458,206399,219641,233591,37.6431106,127.0118798
34,진황도로27길,2941435,1522201,1419253,134053,628286,607265,502238,552219,517378,37.5401861,127.1324059
266,한천로46길,463090,234096,228999,53056,82471,88778,88061,78922,71813,37.5816439,127.071893
147,무수막길,1759399,849742,909665,127456,297826,394521,311747,301135,326740,37.5508699,127.0233318
606,강서로29길,2061539,1010124,1051413,107987,509423,475473,326710,327012,314944,37.5388304,126.8392415
635,등촌로51길,811930,411678,400257,44620,189685,183190,133586,139566,121286,37.5493432,126.8607811
843,난향길,247886,121167,126724,18534,29773,41140,65480,38790,54170,37.4628205,126.9155782
433,상계로9가길,2601704,1307522,1294195,192587,534937,383094,423870,562249,504977,37.6590086,127.0673962
8,고덕로25길,492572,259729,232843,38492,93913,113147,93642,84751,68623,37.5555465,127.1364718
385,솔매로41길,1713624,848757,864876,123923,346345,274834,282225,354748,331544,37.6273682,127.0223215
564,남부순환로70길,605915,336707,269205,34869,97019,110672,121619,121544,120199,37.5214641,126.8361532
845,남부순환로151길,1563939,810799,753152,67654,482182,312926,226446,260287,214446,37.4836109,126.9160757
439,갈현로1길,972046,495789,476255,75147,175572,188620,168338,184871,179499,37.5999649,126.9077927
605,강서로18길,1974479,932678,1041795,107610,470206,450218,329651,285724,331071,37.5351969,126.8522758
458,연서로3길,1491828,727687,764138,151707,277172,280820,263758,279893,238480,37.6024661,126.9125393
896,고무래로8길,1019992,487032,532963,119361,129813,218005,240339,157599,154878,37.5006218,127.0093073
183,긴고랑로7길,1502552,767618,734930,62661,298019,291674,257339,331742,261111,37.5668204,127.0809769
125,청파로73길,1198367,655331,543038,51726,266001,258692,227311,234986,159648,37.5521768,126.966813
329,삼선교로16가길,1570674,759343,811328,209075,507848,244315,235737,206773,166937,37.5838984,127.0121986
415,도봉로169나길,270931,150609,120320,5952,36120,43162,50869,68045,66776,37.6688245,127.0394255
919,서초대로23길,1391438,697381,694063,84377,269837,292194,286600,231353,227083,37.4916535,126.990209
102,녹사평대로40나길,889110,446711,442400,22836,417008,223109,106857,69257,50042,37.5362291,126.9887194
527,모래내로7길,906119,443274,462842,95220,196819,167758,159571,143238,143505,37.5669563,126.911849
720,시흥대로120길,1305228,713116,592112,31569,255566,268193,240518,288759,220620,37.4687042,126.9000014
294,면목로49길,2163540,1139201,1024350,135223,483047,384693,359865,430088,370643,37.5827708,127.0867653
323,보문로13길,1399950,727992,671956,78345,361434,262739,225824,257924,213680,37.5802049,127.0192984
59,성균관로5길,1959860,942908,1016953,211578,944513,276028,203668,179031,145047,37.5863342,126.9943128
392,오패산로67길,3574696,1817748,1756946,192119,1131650,613538,539132,595820,502441,37.6364701,127.0270986
141,뚝섬로5길,1161402,665716,495676,37526,305708,300173,214122,188544,115331,37.541472,127.0508937
914,사임당로17길,2580464,1455827,1124637,133749,585817,551066,496455,410615,402772,37.4917246,127.0176822
987,학동로6길,1372811,755642,617171,19719,466841,397993,233433,137294,117540,37.5100415,127.025357
765,신길로42가길,1980694,1034007,946700,95930,339901,331344,370295,433644,409583,37.5089059,126.9175498
399,한천로132길,2988756,1493582,1495177,160667,855727,529875,473560,523787,445148,37.6408233,127.0298671
205,용마산로21길,1897428,955469,941946,126358,377135,345631,320096,396266,331946,37.5620507,127.0850268
101,녹사평대로32길,1433649,749722,683931,37511,717106,352664,150055,103394,72910,37.5330399,126.9905889
847,남부순환로172길,1953979,1037407,916581,86006,741767,392517,228752,273453,231486,37.4825879,126.9225407
576,목동중앙북로16길,802301,416891,385409,35841,197767,191927,134757,133365,108632,37.5444423,126.8738828
771,여의대방로35길,1353700,728840,624863,80922,273849,278218,248231,264607,207878,37.5017,126.9186276
355,창경궁로43길,1215472,570927,644542,107406,339590,223662,197990,183344,163489,37.5897223,127.0037752
53,명륜길,1208957,573717,635243,152087,620893,129443,119664,98684,88196,37.5882683,126.9957181
167,왕십리로26길,2645462,1317563,1327901,138347,750315,518343,422958,463644,351860,37.5646695,127.0329728
802,사당로29길,2776754,1440579,1336179,169268,776177,563476,426230,426038,415575,37.4857433,126.9779153
400,한천로139가길,3046151,1540400,1505749,191222,993641,527402,456224,469815,407845,37.6400563,127.0245705
680,구로동로7길,1471624,825150,646484,16314,219680,303114,313334,351679,267503,37.4866123,126.8836851
261,천호대로77길,1339840,773305,566536,27185,262194,286546,263712,275338,224866,37.5645133,127.0623478
145,마조로1길,1923284,958187,965094,160425,831654,327720,230986,215621,156875,37.5626305,127.0391788
645,양천로71길,1151992,576484,575519,112446,186721,259546,238271,184241,170778,37.5529972,126.8719689
710,독산로40길,581706,296836,284873,21014,106719,109943,96577,128802,118654,37.4599807,126.9056175
47,풍성로25길,1937040,932182,1004872,108874,361449,370400,340361,379890,376073,37.5353414,127.1207828
541,양화로1길,1620776,775492,845285,48879,542269,441836,261680,190525,135592,37.5516147,126.9091366
668,경인로35길,969734,505067,464675,54576,180839,168415,159959,206630,199319,37.4987058,126.8537089
425,우이천로4다길,712413,359126,353285,42446,118805,107483,136722,159400,147572,37.6357689,127.0402043
373,도봉로67길,1422500,686753,735745,89286,300231,216734,218858,300097,297290,37.6306347,127.0232754
761,선유서로25길,681127,381268,299860,23505,136489,185523,134724,108828,92068,0,0
365,노해로17길,2064261,1057860,1006399,130317,582466,352103,328301,354731,316351,0,0
411,도봉로143길,961999,501516,460491,47262,164328,163701,166174,218562,201964,0,0
79,다산로33길,2267394,1180731,1086660,112349,540645,504554,399942,427870,282039,0,0
66,종로24길,1266918,774620,492296,26126,350031,213770,197198,213650,266134,0,0
470,응암로34길,2677456,1275886,1401577,258803,451521,530885,530348,476561,429343,0,0
419,방학로15길,488498,243379,245118,69174,79229,70785,84009,91373,93933,0,0
213,자양번영로3길,1238195,616365,621833,127633,215220,249161,231326,218781,196076,0,0
621,곰달래로53길,751342,359607,391736,56773,136101,166785,140084,123617,127996,0,0
461,은평로10길,1862900,866802,996101,155678,309747,368684,373314,352482,302995,0,0
272,겸재로36길,1745321,896612,848711,92975,341283,318632,297368,379695,315370,0,0
94,퇴계로18길,745413,355751,389663,40051,205255,167614,132141,110568,89787,0,0
488,북아현로4길,7673090,4038509,3634580,247315,1801593,1981529,1578402,1207046,857217,0,0
553,월드컵로8길,2390812,1157958,1232863,88501,836257,639314,405175,250050,171515,0,0
848,남부순환로234길,1748962,898471,850496,93276,768906,350434,199614,181267,155478,0,0
93,퇴계로12길,1193394,527048,666344,26608,218749,278533,228751,223042,217715,0,0
16,상암로4길,1772850,913156,859698,103069,325738,341303,322017,351146,329568,0,0
711,독산로50길,218041,110650,107396,6870,38580,44255,34704,50266,43366,0,0
781,영신로9길,1682576,847974,834599,54213,350558,330258,287881,339176,320488,0,0
537,신촌로12길,3907058,1758959,2148108,307516,1781550,676405,435552,394237,311814,0,0
313,돌곶이로27길,1263826,619694,644126,49900,257869,213234,230655,256550,255624,0,0
916,사평대로26길,503654,239578,264077,27223,92902,105063,122961,81362,74143,0,0
395,인수봉로79길,453698,206136,247557,24563,80082,69298,86946,88946,103866,0,0
589,은행정로5길,1195875,612979,582893,125924,199768,207603,233089,230535,198976,0,0
312,돌곶이로22길,1419368,713079,706294,52001,321826,238896,258587,290309,257753,0,0
889,양산길,1265655,706995,558667,54833,469085,252147,157629,163338,168641,0,0
925,언남길,872971,516660,356311,27127,187638,234973,185448,138224,99570,0,0
610,강서로47길,1073433,484541,588897,237194,174596,178583,198330,155562,129179,0,0
744,대림로34길,1421619,779911,641706,49862,228028,260141,280526,348395,254672,0,0
212,자양로53길,1762243,859769,902475,99735,352971,333949,304507,351922,319166,0,0
708,남부순환로112길,1461213,844363,616850,19318,409204,366128,244528,251165,170875,0,0
731,시흥대로94길,1078655,588380,490284,28113,198090,224842,201338,240675,185609,0,0
938,개포로17길,911510,542686,368823,31848,185673,212168,184932,166201,130692,0,0
362,화랑로32길,1424471,709491,714981,62006,345200,230415,252034,279119,255703,0,0
285,동일로149길,923649,479357,444291,42172,188059,173840,163284,189295,166996,0,0
640,양천로14길,1170172,614002,556172,82876,217129,232182,190374,227235,220388,37.5693698,126.808835
795,만양로8길,2324609,1282815,1041790,118045,1102138,440912,216465,223749,223294,37.5102102,126.9464253
661,개봉로1길,637782,317798,319983,42556,104699,117638,116696,132203,123991,37.4854621,126.8549737
83,동호로10길,2347944,1181119,1166824,135025,568007,492957,400646,380301,371009,37.5558258,127.0125472
2,백제고분로42길,1537065,746194,790871,107321,364109,323153,239255,265241,237996,37.5052539,127.108276
391,오패산로52길,1174419,570877,603539,85327,221269,198802,207433,232711,228881,37.624793,127.0322857
58,삼청로5길,190629,92308,98317,5646,51799,47418,37305,31191,17267,37.5827566,126.980642
482,통일로87길,1825643,892061,933578,140580,448036,331743,276488,318228,310588,37.6220971,126.9175071
78,난계로21길,1354643,695831,658811,43100,274536,325620,240002,246327,225052,37.5700206,127.0226709
515,동교로17길,2021905,994087,1027814,93651,667439,519366,367648,219212,154584,37.556884,126.914996
818,양녕로26길,626362,305709,320653,39417,129444,136943,115670,103153,101737,37.4962556,126.9437826
659,개봉로17길,834494,413954,420542,50921,151268,168269,138217,156446,169375,37.4923493,126.8498947
504,통일로39길,1793213,850249,942976,132912,386452,283685,293826,347189,349158,37.5866595,126.9411382
13,동남로85길,171059,86553,84503,22553,18000,22610,36975,41289,29634,37.5611198,127.1540498
214,천호대로109길,2089146,1086024,1003126,79079,565041,457699,315402,383868,288055,37.5592418,127.0820653
898,남부순환로325길,1807569,970452,837117,96258,427895,420985,348958,286555,226912,37.4830578,127.0148853
462,은평로13길,2031121,954432,1076696,142131,363919,393156,391180,397647,343102,37.6022533,126.9254991
773,여의대방로43나길,1467422,752080,715342,131654,321379,260352,270101,264073,219864,37.5068662,126.9210845
158,성수이로7길,1681506,966056,715447,38516,412034,437828,321358,294192,177584,0,0
239,약령시로17길,1320428,733682,586737,27831,179465,180925,185601,292995,453618,37.5857218,127.0415937
834,관천로22길,1828202,947751,880451,57146,633419,435506,257732,219892,224524,37.4886201,126.9240453
664,개봉로2길,1202336,601483,600855,90011,197898,218939,210090,247271,238135,37.4896202,126.8605391
555,효창원로93길,1785952,800690,985269,129826,479443,326857,301772,313019,235047,37.5479298,126.9622313
82,다산로39길,2173269,1143176,1030093,106582,518516,511733,381151,400661,254628,37.5646809,127.0135661
30,올림픽로80길,1386141,733698,652442,62394,291086,251436,225912,284520,270786,37.5422174,127.1264554
1007,천호옛14길,3204360,1511917,1692444,155717,815682,639820,501482,563594,528079,37.5356675,127.1270901
199,면목로17길,1378543,724152,654396,68652,274280,271950,231181,296006,236474,37.5704738,127.0826516
973,선릉로121길,2605147,1373960,1231193,100859,695561,724956,488900,314786,280093,37.5140138,127.0418569
968,삼성로57길,2095568,1009376,1086195,680586,313680,229194,422848,275405,173866,37.4980475,127.0602982
191,동일로18길,2676704,1356182,1320519,131322,963313,490175,367932,412690,311285,37.5390686,127.0661496
201,아차산로51길,1454426,776823,677594,78936,474837,303709,230244,213690,153018,37.5396332,127.084892
608,강서로45길,1062472,503729,558739,164889,183912,184190,183652,174190,171634,37.5475695,126.8332559
45,양재대로72길,978436,500057,478381,128835,175793,163038,163233,185626,161920,37.5078151,127.1318179
624,공항대로42길,1363914,651439,712474,117127,253879,274015,253890,247216,217794,37.5559663,126.8432108
880,조원중앙로2길,2081650,1113079,968579,57447,522462,479797,367140,366265,288550,37.4812275,126.90761
911,방배로18길,1182920,604988,577938,74130,304013,262281,201708,173657,167137,37.4854943,126.9967587
533,성산로4길,1323768,645698,678066,69379,352148,313739,239054,185825,163622,37.5638034,126.9093989
692,디지털로32가길,2476987,1438527,1038460,44425,761041,684895,422145,336296,228171,37.4813341,126.8978356
321,동소문로6길,1373569,646938,726636,89011,401062,260411,222474,218527,182088,37.5887115,127.0082897
418,방학로10길,1053656,557181,496485,51058,170774,168351,183127,243167,237178,37.6627598,127.0444075
344,장월로1길,1334386,623221,711164,93751,396693,209734,205517,222114,206576,37.6060971,127.0450802
647,우장산로6길,1071961,465128,606834,228749,166583,172476,201778,160730,141646,37.552926,126.8394249
464,은평로3길,2570984,1255625,1315366,215477,553420,498938,458545,463989,380620,37.60075,126.9156606
349,종암로16길,1189414,591453,597961,106846,258492,189525,212167,211816,210575,37.5973785,127.0376519
148,무학로6길,2022897,1034993,987910,93641,583583,385319,322240,367833,270290,37.5650946,127.0330292
923,서초대로8길,1185463,558078,627383,96746,235713,239113,224906,196586,192407,37.4829495,126.9887065
993,백제고분로22길,852778,442309,410470,34369,204807,202628,146861,137963,126158,37.5009677,127.0882233
20,성내로5길,2643128,1311828,1331314,155960,462534,524833,492910,521958,484952,37.5308993,127.123763
868,신림로48길,860216,449457,410764,33371,317332,173457,112642,112094,111324,37.4793367,126.9341372
168,왕십리로31길,1429496,695534,733978,84734,368747,305097,224872,242998,203048,37.5635776,127.028243
40,송이로36길,1580332,837578,742746,128044,335896,381072,274994,265967,194352,37.4844318,127.1267748
423,시루봉로23길,479375,254317,225066,11989,82498,75942,86950,111204,110800,0,0
510,도화4길,2873464,1508563,1364905,106937,652354,720484,565743,465880,362058,37.5409124,126.9509789
175,한림말길,998594,457699,540898,51884,155188,234742,202134,165286,189361,37.54072,127.0141055
575,목동중앙본로7길,1980684,984289,996397,219468,376305,352617,350419,393893,287982,37.5396176,126.8670836
585,오목로23길,1511117,808508,702610,72177,297778,328400,280276,277045,255444,37.5257497,126.8508336
71,창신2길,1428085,746953,681135,56534,264802,227900,254368,339874,284607,37.5727709,127.0099092
511,도화길,3619486,1927800,1691690,125065,815769,915573,730076,595430,437568,37.874614,127.7380355
60,숭인동길,2122812,1155047,967768,81804,467885,386611,355147,438699,392662,37.5760493,127.0217865
403,노해로63다길,492502,246733,245767,38192,103073,87510,86418,93974,83332,37.4998618,126.9030627
17,상암로51길,2216275,1105135,1111140,247038,441444,353296,364472,416827,393204,0,0
756,디지털로37길,2116696,1112372,1004323,32124,392921,441839,408322,482558,358937,0,0
663,개봉로23가길,1023406,516764,506646,85639,191983,186301,175544,192367,191575,0,0
449,연서로13길,1800499,820781,979718,206938,332082,327202,320948,314467,298877,0,0
46,오금로46길,1338145,667600,670542,146490,230961,238961,222851,258884,240000,0,0
438,가좌로7길,2561223,1304429,1256798,270492,588874,444508,415176,437323,404846,0,0
799,사당로23길,502269,238987,263280,23731,81535,110816,89391,82514,114285,0,0
268,휘경로23길,1166486,611445,555049,49156,306042,203753,188894,196729,221925,0,0
831,관악로28길,851552,417140,434415,56010,211230,177770,127674,126933,151937,0,0
306,용마산로112길,945695,459778,485912,57508,146282,154675,156716,225577,204940,0,0
187,능동로19길,2475598,1262816,1212782,191377,1328808,381041,220533,214929,138913,0,0
574,목동중앙로3길,1677209,815351,861857,213965,299071,262831,326713,346591,228040,0,0
953,도곡로37길,2159564,1113365,1046200,72694,482501,541720,448496,320649,293509,0,0
354,지봉로20길,1343948,680066,663874,80278,401752,240898,209708,223611,187704,0,0
567,목동남로4길,525943,265372,260568,53184,95452,78555,97643,101057,100045,0,0
833,관천로15길,1065874,544349,521527,26710,387738,245603,130229,137319,138288,0,0
85,동호로15길,2200182,1121271,1078913,128495,562009,456334,362900,343683,346756,0,0
279,동일로112길,2136729,1107913,1028819,76439,508665,415595,334150,424567,377304,0,0
227,답십리로72길,1570288,834319,735971,87584,339948,368472,307431,249337,217524,0,0
788,동작대로17길,2977960,1517766,1460196,145889,832353,616203,456595,474479,452459,37.4828112,126.9792017
