,trdar_cd_nm,tmzon_1_flpop_co,tmzon_2_flpop_co,tmzon_3_flpop_co,tmzon_4_flpop_co,tmzon_5_flpop_co,tmzon_6_flpop_co,lat,lng
915,사평대로22길,71527,127470,140095,126713,155606,78311,37.4969808,126.997583
701,중앙로15길,111386,149897,133509,129298,152065,80231,35.9390977,126.9581175
293,면목로48길,367990,276462,252340,273967,420734,260280,37.5820467,127.0909963
507,광성로6길,259162,313845,314306,306117,375221,192757,35.8951979,128.6353587
970,삼성로64길,140012,235345,310587,335529,470364,211549,37.5005743,127.0626515
248,장한로27가길,219015,226113,222022,222657,311409,167788,37.5757727,127.0705885
719,벚꽃로56길,70445,102801,107647,100212,135635,64219,37.4838184,126.8837296
910,반포대로9길,90084,183722,220104,198740,209704,79485,37.4828629,127.0082883
329,삼선교로16가길,274966,291569,258572,263131,306880,175554,37.5838984,127.0121986
49,백제고분로32길,151896,153075,117205,113954,148681,95791,37.5008533,127.0949799
459,연서로41길,270768,217761,150607,149656,201008,129721,37.626915,126.9252616
142,마장로27길,294732,279938,230562,216811,289895,162475,37.5668143,127.0344512
382,삼양로54길,269247,223891,218618,229408,312288,162299,37.6232157,127.0216414
250,장한로5길,286349,284291,304960,303791,387091,205637,37.5650384,127.0643419
807,상도로37길,288856,268132,198477,193613,281521,183724,37.5003784,126.9508288
133,한남대로20길,111019,174093,193800,186028,232879,118161,37.5352427,127.0098141
104,대사관로34길,192197,236189,227244,216299,286851,163643,37.5313098,127.0058312
6,강동대로53길,126638,189598,223306,212895,276993,128599,37.525568,127.1317124
921,서초대로4길,387740,461073,518052,535231,763651,397426,37.4833484,126.9861902
509,대흥로28길,314181,399550,348780,334728,375298,196615,37.5553167,126.9470852
977,선릉로18길,10287,38929,40575,36687,24522,7811,37.484327,127.0615513
573,목동중앙로13나길,21418,28664,24066,23232,26720,15425,37.5450027,126.8801941
434,석계로1길,232632,215530,198374,210955,319878,196537,37.6155995,127.0617809
27,올림픽로71길,211119,261331,317653,362663,417961,154904,37.5410753,127.1221724
993,백제고분로22길,157671,159601,129649,129696,172202,103959,37.5009677,127.0882233
119,이태원로27길,505123,230063,255223,303601,533387,389501,37.5351953,126.9957598
108,서빙고로71길,38569,56284,48318,44426,51172,25193,37.5230395,126.9955175
766,신길로42길,259205,277406,205903,203974,236260,146482,37.5059617,126.9150091
833,관천로15길,232543,214300,149642,148574,191156,129677,37.4861477,126.9183377
842,난우길,180345,196758,172487,178455,230041,127987,37.4732169,126.9189225
920,서초대로25길,185006,277900,302140,283053,331359,156650,37.4903263,126.9928572
726,시흥대로36길,22438,40178,39262,36465,37352,16599,37.4436688,126.9046485
976,선릉로146길,147375,235475,321998,311337,335795,153945,37.5218007,127.0420605
780,영등포로84길,375820,403697,318354,306385,392669,241125,37.5127629,126.9221459
274,공릉로12가길,174632,147037,121104,122517,169425,105822,37.617319,127.0814352
200,아차산로40길,419249,413044,361307,363973,496096,287356,37.5363925,127.0777096
78,난계로21길,224413,231135,236327,258768,267930,136063,37.5700206,127.0226709
584,신월로20길,116171,157614,150494,143355,170666,88014,37.5180279,126.8456441
262,천호대로97길,121688,116655,125872,127556,132278,65319,37.5627447,127.071175
622,곰달래로60길,190038,181378,166831,181634,266586,158707,37.5314378,126.8631111
543,와우산로29가길,208173,197512,311268,432168,651129,282891,37.5543172,126.9285469
156,성덕정길,91820,125804,112017,110527,124478,65413,37.5379284,127.0521729
90,장충단로8길,172480,225811,254234,233336,277963,132295,37.5621356,127.0088954
101,녹사평대로32길,344643,121350,138835,174341,367615,286870,37.5330399,126.9905889
94,퇴계로18길,33067,111629,184232,177814,184971,53708,37.5605087,126.9855415
801,사당로26길,269066,282322,298438,307681,476606,244996,37.4806881,126.9780561
909,바우뫼로39길,96351,194814,269990,230402,292692,123087,37.4818486,127.0397202
41,송파대로30길,278900,311761,363339,315304,431066,245343,37.4951276,127.1196398
710,독산로40길,106203,108550,90346,92417,116376,67812,37.4599807,126.9056175
866,신림로28길,482637,452095,381370,390151,563817,344593,37.4719576,126.9358746
436,한글비석로24길,373435,344191,288514,308875,436056,261487,37.6638444,127.0742607
34,진황도로27길,573516,523526,425076,429519,603960,385844,37.5401861,127.1324059
175,한림말길,187984,192721,142758,142601,206171,126372,37.54072,127.0141055
35,천중로51길,426786,422181,376262,395170,564796,335416,37.5419989,127.1451369
148,무학로6길,424001,350640,301607,293405,416847,236380,37.5650946,127.0330292
776,영등포로27길,179804,228249,235679,224118,250944,129250,37.522374,126.8992923
602,가로공원로80길,208265,201383,155464,158063,209452,127103,37.5351937,126.8399443
685,구로중앙로42길,87071,111936,103542,92214,101596,54708,37.5100927,126.8780325
926,주흥15길,321257,337340,392840,371756,474536,237983,37.5086508,127.0179406
826,장승배기로27길,241678,353155,348941,327069,416452,211059,37.5118396,126.9391286
311,돌곶이로14길,288953,249828,198833,191586,236496,139547,37.608757,127.0620965
700,우마길,192500,197010,196871,193031,253320,125263,37.4813768,126.8883312
679,구로동로42길,245816,249654,235075,236083,293237,160039,37.4972312,126.8835946
743,대림로31길,234459,266125,285239,281696,343847,181902,37.49699,126.89898
638,방화대로21길,112749,137702,116226,112526,158658,92205,37.5642626,126.8121681
576,목동중앙북로16길,142483,134678,116023,117804,178979,112330,37.5444423,126.8738828
496,증가로10길,304583,312971,309245,300146,354231,195377,37.5794714,126.925927
825,장승배기로19길,293907,329976,296330,291039,364212,202218,37.5081198,126.9385847
935,강남대로118길,308023,277445,231041,226872,351885,228111,37.5071061,127.0260796
17,상암로51길,309187,382560,359311,362981,522751,279488,37.5483808,127.1462538
207,자양로11길,428634,417045,362818,375825,526732,308718,37.5338846,127.0824421
340,개운사길,172439,185658,273071,258946,377480,204372,37.5893884,127.029079
244,장한로14길,125134,112180,120631,120784,152158,81045,37.5655401,127.0708467
605,강서로18길,409107,354218,259239,281604,412138,258200,37.5351969,126.8522758
241,왕산로33길,154346,234799,309511,393212,363914,125122,37.5813124,127.0418065
65,자하문로7길,134591,206852,294587,281083,351440,137161,37.5798759,126.9692964
358,화랑로13길,273008,264833,270300,275122,364147,187417,37.6055767,127.0422713
314,돌곶이로28길,159891,178722,179896,173496,236882,120375,37.6122628,127.0567401
559,곰달래로3길,145367,162610,140665,151489,189080,105085,37.5318236,126.8327934
191,동일로18길,417669,377742,379065,429929,697852,374443,37.5390686,127.0661496
368,덕릉로40길,132046,144862,118952,114108,132548,70540,37.6339402,127.032952
906,동산로19길,108364,181723,224306,185033,214329,92982,37.4739178,127.0459216
649,초록마을로3길,306621,268098,180252,171859,235777,167219,37.5460235,126.8472327
223,답십리로63길,178969,185458,187514,189378,268708,140633,37.5732915,127.0681356
186,능동로13길,798785,569781,502363,584569,1102935,756963,37.5443165,127.0696729
180,광나루로40길,336278,343432,290822,300720,347722,196999,37.5429773,127.0892067
268,휘경로23길,265335,215250,159925,160188,221222,144566,0,0
567,목동남로4길,101778,103811,79435,77831,98256,64833,37.5106876,126.8698543
581,신목로5길,97365,130225,154396,161440,224033,99767,37.5178506,126.8726772
345,장위로50길,77787,123878,130537,122435,145546,62574,37.6149797,127.0570392
945,논현로115길,395150,462389,485530,457280,545460,285122,37.5080293,127.0298847
600,화곡로4길,46197,86611,93003,90222,111569,51290,37.5377385,126.8280182
808,상도로47길,270734,253614,182504,176456,241367,160562,37.5018838,126.9520546
429,동일로192길,722833,607084,561756,582352,874085,526361,37.6261313,127.0742913
521,마포대로20길,405488,413762,359256,329483,417439,239293,37.552246,126.9569659
966,삼성로115길,181958,219004,214823,200182,223463,129080,37.5143713,127.0501057
691,디지털로27길,210786,281795,335758,299098,341340,148580,37.4854795,126.887623
803,사당로2차길,99679,106675,76469,73175,84965,53034,37.4877699,126.9655553
408,도당로29길,147176,149077,141379,153893,203882,105550,37.669424,127.0421149
154,서울숲2길,91359,201016,245108,228348,257387,88958,37.5466768,127.042247
978,압구정로2길,168158,206416,315460,363280,518831,224477,37.5196083,127.0204368
13,동남로85길,10467,29642,38203,36656,39713,16383,37.5606796,127.1518617
677,구로동로38길,260650,277121,231462,218743,265688,158169,37.4948836,126.8844065
481,통일로78길,320406,259238,204571,216358,285832,171875,37.6173492,126.9236814
625,공항대로55길,99897,131573,126145,108483,134828,71846,37.5547207,126.8615232
872,신원로3길,530414,397372,358218,406238,652033,436958,37.4822863,126.9267396
796,사당로16가길,253386,259264,223979,234453,320446,179885,37.4838448,126.9704613
531,성미산로1길,306627,275715,265011,266053,376774,209921,37.5613491,126.9071609
659,개봉로17길,184126,156332,109482,109459,165879,109217,37.4923493,126.8498947
821,여의대방로22카길,230593,260509,254017,247852,330048,183068,37.4978124,126.9260977
467,응암로13길,291716,273401,238796,253900,372099,230715,37.5887831,126.914405
306,용마산로112길,159774,182854,171871,156418,185146,89622,37.598633,127.1026897
267,휘경로14길,316188,326436,297722,303798,410040,242377,0,0
59,성균관로5길,237206,215725,298016,347059,575227,286633,37.5863342,126.9943128
878,조원로10길,445729,517623,651165,679710,920820,451297,37.4821135,126.9051635
951,논현로63길,201396,288271,343390,279836,327112,159075,37.4919623,127.0375573
189,능동로3길,273245,259795,199148,210957,292072,175553,37.5345406,127.0628445
647,우장산로6길,113011,208296,201188,204943,234331,110190,37.5530778,126.8382268
120,이태원로54길,267266,233224,245082,262011,333298,191735,37.5363063,127.001392
795,만양로8길,402374,399242,354759,341993,518728,307521,37.5102102,126.9464253
939,개포로20길,122484,194028,223674,192357,230993,111560,37.4780336,127.0473285
745,대림로44길,274551,311556,262723,249636,297025,175226,37.5028399,126.8979154
3,백제고분로45길,303093,292184,319588,322157,510073,287187,37.5097116,127.1073792
195,뚝섬로48길,311242,273995,210752,214285,311895,198433,37.5306344,127.0770957
205,용마산로21길,329002,339717,306488,306990,393779,221435,37.5620507,127.0850268
331,성북로8길,154303,156078,140474,137808,174066,94278,37.5915303,127.0054742
704,가산로5길,183146,232677,194132,181396,209991,114147,37.4738477,126.8946154
711,독산로50길,42527,42372,32801,31848,42507,25978,37.4626429,126.9056767
882,청룡8길,317041,332435,306322,307272,417868,232971,37.4799425,126.9450775
491,세무서길,338326,297078,333696,344744,453544,223936,37.5911419,126.9474073
463,은평로20길,123275,156087,143458,137888,166474,80309,37.6001274,126.9325724
309,중랑천로10길,327988,255794,225494,235820,348474,210796,37.5919564,127.0749802
640,양천로14길,198845,209851,191482,186924,246210,136862,37.5693698,126.808835
2,백제고분로42길,221906,261563,265330,267893,340222,180157,37.5052539,127.108276
869,신림로64길,575896,469147,419872,458734,739835,469143,37.4852195,126.9323075
1006,천호대로170길,615637,609183,498423,488802,652637,390854,37.532673,127.1322262
873,양녕로6길,549969,531270,499820,556959,786082,439297,37.4837671,126.9498016
961,봉은사로109길,99709,207459,247388,211656,212969,88175,37.5168039,127.0641377
724,시흥대로153길,232747,242160,188387,176494,228322,146897,37.4767093,126.8946344
962,봉은사로29길,341055,485345,634180,589243,659091,291297,37.5099575,127.0336344
73,창신길,271627,222623,177133,182122,242810,138302,37.5766597,127.0094626
117,원효로89길,254162,334311,386530,346136,438664,213379,37.5407808,126.9682287
389,수유로12길,464777,409855,372589,384720,482308,262596,37.6313096,127.0221487
494,연희로10길,218972,205491,182459,174868,246791,140743,37.5656803,126.9333392
111,우사단로10길,498594,358077,314942,318885,432562,293168,37.5321302,126.9998945
5,백제고분로50길,233093,247429,236291,227517,308703,170359,37.5136893,127.1171512
404,덕릉로60길,130209,129285,107999,105498,136696,78908,37.6346484,127.0430588
794,만양로14길,302354,340155,342289,332156,498897,270974,37.5125923,126.9475526
563,남부순환로58길,86764,105088,88091,90462,108461,60778,37.5300358,126.8310105
482,통일로87길,340325,341390,267205,265945,375809,234968,37.6220971,126.9175071
819,여의대방로22길,147885,175855,167192,161301,219106,119888,37.4980908,126.9263577
473,증산로17길,148309,171057,140094,147944,207169,122124,37.5906275,126.9089505
8,고덕로25길,91920,103659,76484,73806,91918,54779,37.5555465,127.1364718
571,목동로9길,233602,277001,318389,335060,448312,235756,37.5227274,126.862097
56,북촌로5길,15072,67837,150791,140413,131902,26601,37.5792781,126.9848055
258,천호대로12길,165153,184348,176004,154681,163245,84248,37.57252,127.0286493
940,개포로28길,87583,142759,156667,139988,167991,82997,37.4761765,127.0530363
974,선릉로132길,302280,462359,578141,525080,598165,276060,37.518465,127.044217
699,오류로8길,214535,211574,176183,178233,237227,141623,37.4921919,126.8434183
84,동호로11길,188487,196524,197291,188176,244353,127522,37.553768,127.0092161
403,노해로63다길,87980,78280,74084,76869,111915,63366,37.4998618,126.9030627
159,성수일로6길,161335,343019,470568,413066,500507,203435,37.5447934,127.0531656
809,상도로61길,289609,298454,273908,279428,354763,203702,37.4947738,126.9571472
125,청파로73길,188221,246585,208909,201294,233866,119497,37.5503893,126.9680919
830,관악로14길,528409,493023,512754,565429,915647,527465,37.4785806,126.9555546
897,남부순환로317길,151073,262901,330269,307776,347942,144446,37.4804301,127.0106484
486,명지대길,286005,288014,265148,255973,285146,161624,37.5803014,126.9250688
354,지봉로20길,281060,255941,213927,205027,247157,140835,37.5837491,127.0183739
782,국사봉1길,370498,353526,307292,328545,468597,277382,37.4989359,126.9299094
806,상도로15길,367123,365610,329261,332038,447570,251659,37.5052428,126.9368829
388,솔샘로65길,321067,278951,261500,265105,322293,152281,37.6220625,127.0257337
339,인촌로1길,500444,402203,402375,411601,626441,347269,43.60564475,20.285088105044
81,다산로38길,377832,396626,414790,396698,533302,280755,37.5621562,127.019194
238,서울시립대로4길,323574,322528,256112,247629,314996,192629,37.5737468,127.0491057
954,도산대로15길,142218,187258,305070,337938,450418,188128,37.5201869,127.0237081
713,독산로70길,168559,166873,136550,139587,188637,113330,37.46711,126.9044374
202,아차산로55길,337813,311774,301261,320125,431182,242474,37.5397487,127.0864326
1000,양재대로101길,665575,641779,548685,530662,715207,444945,37.5316968,127.1342861
228,망우로18가길,193255,181326,160548,151420,205917,126586,37.5891019,127.0619942
992,백제고분로21길,322398,327500,297479,307901,417695,235590,37.5068964,127.0916188
216,천호대로129길,321969,287118,260329,276844,398593,222796,37.553229,127.0914259
597,중앙로55길,340235,314979,232193,229707,324926,211682,37.5261845,126.8454224
50,계동길,8819,76426,135191,124044,105465,21960,37.5798926,126.9867159
517,동교로25길,250723,271531,346104,378500,547635,272767,37.5587455,126.9205677
516,동교로19길,222754,266825,315128,306549,392523,187473,37.558946,126.9164392
652,화곡로13길,124193,142232,130774,125239,183950,103109,37.5428487,126.8328699
958,도산대로50길,214282,318295,461423,420011,496408,232345,37.5204709,127.0376081
201,아차산로51길,230106,218350,226759,240303,344560,194352,37.5396332,127.084892
924,신반포로45길,277756,330746,374108,336397,433244,219190,37.5132428,127.0160037
194,뚝섬로24길,229864,215539,161763,169564,231977,143522,37.5347793,127.0630435
841,난곡로74길,250089,224280,177729,190368,281423,180263,37.4864028,126.9145801
673,고척로52길,120815,135741,119459,118840,143390,81267,37.5014173,126.8558349
835,구암길,190714,189937,140161,142010,179440,113589,37.3204965,127.8221613
236,서울시립대로16길,325318,356254,347570,348638,422846,221415,37.5783434,127.0548063
592,중앙로32길,123182,158922,185490,185403,227265,106582,37.5184422,126.8546178
255,제기로21길,182022,152361,123891,111219,135554,80889,37.5903853,127.0409848
443,불광천길,539095,508757,413633,427862,580161,340963,37.5913316,126.9145268
759,선유로55길,103687,157278,198820,151424,185388,86738,37.5384567,126.8968893
599,화곡로3길,22091,51817,50391,49020,54191,22851,37.5423481,126.8276991
902,동광로12길,387136,463642,551524,572963,812784,415610,33.5009569,126.536323
426,해등로16길,162162,152174,142666,147419,200457,114599,37.6549952,127.0435095
452,연서로21길,410445,343274,307194,327702,459306,256349,37.6158855,126.9151156
984,테헤란로81길,129226,249186,390514,316102,356918,147406,37.5087657,127.0566657
479,진흥로1길,460696,357391,335049,366999,516801,290539,37.6054603,126.9176978
47,풍성로25길,321235,344441,312424,312120,426156,220669,37.5353414,127.1207828
528,방울내로9안길,323139,267735,199208,199597,275665,178332,37.5608618,126.9005211
644,양천로49길,48395,63095,65022,62150,60756,30697,37.5714536,126.8402389
19,상일로5길,3828,53247,48045,36749,26516,6776,37.5499008,127.1721592
667,경인로31길,88717,101393,117206,126645,166044,91401,37.4996417,126.8477525
523,만리재옛길,429287,478705,449353,403980,477389,261022,37.5500041,126.9594634
341,인촌로24길,318269,295341,428131,406172,610926,339433,0,0
683,구로중앙로28길,286550,303375,284016,272983,351154,197488,37.49954,126.88761
676,구로동로28길,221819,253615,256876,264103,318457,161982,37.4909479,126.8878011
957,도산대로38길,94415,189403,296644,254034,264213,104321,37.5166852,127.0330417
757,디지털로57길,386776,358715,354121,372207,481233,279872,37.4915769,126.9009573
832,관악로30길,141392,169854,146990,149883,184086,95772,37.488493,126.9616984
928,청두곶길,213670,256907,306594,306084,511996,260073,37.4804525,126.985333
364,백제고분로33길,248650,239170,209693,201781,284401,178367,37.5051898,127.0987655
177,광나루로24길,140579,145872,160534,166635,217515,123165,37.5451608,127.0775302
641,양천로24가길,175462,199129,200675,197034,255858,132612,37.5715921,126.8137232
60,숭인동길,316930,370795,422068,398142,419532,195340,37.5760493,127.0217865
785,노량진로6길,230182,269001,230280,211033,264749,154925,37.5105977,126.9361868
594,중앙로45길,163199,180962,162686,169317,224365,127301,37.520615,126.8517341
304,신내로7가길,231343,229491,212575,222489,287179,158516,37.6023705,127.09395
918,서초대로15길,181824,226058,238525,222635,276399,140645,37.4873311,126.9899281
769,양평로22라길,66764,102833,123558,96362,110727,52391,37.5406137,126.8925551
770,양평로28길,50849,69349,66161,59020,65314,34675,37.5419571,126.8917918
107,백범로90길,246789,319201,333796,288568,373706,189774,37.536726,126.9703149
756,디지털로37길,351305,334267,342056,357951,463991,267131,37.489394,126.8982056
998,구천면로42길,943583,904651,608759,579497,747820,516023,37.5447586,127.1371696
901,논현로27길,91693,202900,266725,225703,257204,106444,37.4800049,127.0419479
815,성대로1길,277586,257534,229934,242444,350508,200538,37.5008596,126.9336843
99,녹사평대로11길,21397,29443,22088,20271,21528,11777,0,0
233,사가정로13길,123511,167299,182093,194057,197227,78661,37.5786789,127.0578829
242,왕산로43길,286853,282933,254353,258617,314763,170069,37.586822,127.0470342
502,통일로11길,171548,169771,159482,156149,184268,95298,37.5691455,126.9623467
439,갈현로1길,296139,164750,121961,122735,166532,99936,37.5999649,126.9077927
419,방학로15길,95057,98308,74985,73447,91855,54844,37.66914,127.03049
852,남현길,214157,210004,183654,193064,309034,185301,37.4734535,126.9758829
395,인수봉로79길,96091,86433,74189,68267,83104,45637,37.6424703,127.0071005
366,노해로23길,256230,231903,191942,192823,259155,156407,37.6460744,127.0196598
181,광나루로52길,367611,370874,360938,383816,504861,264465,37.5400271,127.0927517
12,동남로82길,1799,18809,15939,11238,3307,1034,37.5605623,127.1645925
938,개포로17길,82298,164491,199703,175669,200353,88994,37.4792932,127.0465043
85,동호로15길,321384,345944,386056,378041,511137,257606,37.5536734,127.0079084
535,숭문8길,172385,261574,210138,191519,178953,97409,52.3226292,1.1463709
721,시흥대로138길,145002,155480,161141,160791,203953,111736,37.472729,126.8992306
964,봉은사로57길,167672,263425,323823,298143,320286,134610,37.5152301,127.0436357
607,강서로35길,238907,276846,292259,302038,444760,239201,37.5431863,126.838939
900,논현로1길,80831,136667,154925,135915,158344,66096,37.4704041,127.0486633
955,도산대로23길,127108,195756,306800,322128,397909,163774,37.5194994,127.0261417
135,효창원로39길,252311,264371,235378,221503,285520,163444,37.5374591,126.9590093
727,시흥대로62가길,209861,212533,241309,263148,381837,202171,37.4555685,126.9027934
301,봉화산로56길,251069,276790,287514,299035,391778,203366,37.60536,127.09784
160,송정12라길,243888,249613,212164,189656,221821,131257,37.5502044,127.0673869
787,대방동2길,209569,214932,206081,213561,303019,175209,37.5019814,126.9284732
320,동소문로2길,280596,256546,254707,265446,371634,204246,37.5902285,127.0113156
474,증산로21길,468795,353110,288648,301937,436041,263749,37.5967681,126.911244
916,사평대로26길,61916,85491,92758,85026,115302,63176,37.4969249,126.9989034
546,월드컵로10길,270510,310431,375593,381235,507049,237045,37.555019,126.9133425
927,주흥길,371983,366420,399377,402256,517458,268332,37.508125,127.0195257
834,관천로22길,333596,303854,299938,285226,381723,223875,37.4886201,126.9240453
121,장문로45길,247831,219752,176203,176875,235766,144356,37.5292129,127.0004245
740,당산로46길,188073,245023,266656,266343,432581,227750,37.5332776,126.9039505
187,능동로19길,494243,398845,316214,334693,555210,376384,37.5468459,127.0728905
16,상암로4길,279519,285164,276967,300136,411222,219842,37.5471983,127.1252971
844,남부순환로142길,223490,224736,193906,195934,272075,163684,37.4792473,126.912083
487,모래내로15길,237884,239092,176625,175073,213573,129003,37.5744472,126.9184977
464,은평로3길,528163,423137,355338,377108,554953,332285,37.60075,126.9156606
349,종암로16길,204699,214373,192477,189661,249131,139078,37.5973785,127.0376519
654,화곡로31길,337537,382392,395806,418504,590508,313100,37.5444704,126.8403394
480,통일로69길,458779,322607,328717,366600,471359,234717,37.610771,126.9253568
106,백범로79길,269715,384505,396437,347973,399842,199854,37.5411868,126.9648414
814,서달로8가길,469821,638286,757074,734925,940570,463342,37.5057709,126.9624449
23,양재대로124길,416561,401628,322831,330652,464900,284796,37.5425647,127.1449559
840,난곡로34길,196437,208825,185770,193981,250228,134477,37.4720569,126.9213583
69,지봉로8길,473007,398193,356154,356604,401820,220414,37.576678,127.0161733
741,대림로22길,278075,310441,274445,267670,325685,178286,37.4958543,126.9054045
453,연서로27길,830557,710225,782782,902702,1446950,834020,37.6191265,126.9185005
553,월드컵로8길,240669,314348,441941,461061,650247,282566,37.5533747,126.9144822
810,상도로62길,364720,369480,329213,336723,443323,255305,37.4963342,126.9530105
651,초원로16길,169751,195086,167070,164468,220937,123175,37.5661551,126.815855
347,정릉로27길,386806,325035,225994,222678,305758,208738,37.6085208,127.0136262
372,도봉로45길,224313,246012,303104,317224,383298,149871,37.6230926,127.0233941
937,강남대로140길,235531,313275,430404,405061,458224,184580,37.5138523,127.0211817
74,통일로12길,148532,192687,169600,165460,182565,101455,37.5738377,126.961061
218,경희대로4길,479322,460693,491675,466611,704391,407326,37.5913675,127.0567283
875,인헌길,144459,161896,126493,124655,158893,94271,37.4693857,126.9685141
265,한천로40길,177942,173449,160553,157415,222294,124027,37.641506,127.026894
930,효령로31길,184548,249777,283816,267874,323674,160747,37.4829672,126.9957546
110,신흥로20길,124814,134573,107811,106978,134177,76704,37.5467235,126.9843273
980,영동대로112길,95304,210658,257237,217162,215968,86851,37.5158846,127.065351
990,동남로20길,284362,286288,229725,226740,308039,184394,37.4935781,127.1363925
298,봉우재로33길,369855,365208,356644,388853,542622,294814,37.5944468,127.0883251
185,긴고랑로9길,286027,242551,224043,225365,306771,168990,37.5655123,127.0818726
286,동일로157길,425197,392476,342858,349433,499183,296872,37.6096496,127.0753542
590,은행정로7길,251550,264912,259586,265045,355931,195796,37.5221148,126.8566305
370,도봉로13길,306648,249919,212333,220586,303253,182068,37.6151819,127.0277119
457,연서로34길,300964,253388,184514,186630,246397,155098,37.62143,126.92899
428,동일로173가길,478444,418334,388691,397777,575106,334071,37.6218148,127.0726435
61,옥인길,104304,133435,161470,156215,170403,70982,37.5806981,126.9677905
541,양화로1길,201482,206746,268844,284088,443184,216450,37.5516147,126.9091366
335,오패산로19길,241032,263948,275956,296429,409802,223615,37.6098332,127.0342428
472,증산로15길,99475,122525,91057,93721,127344,80291,37.5903568,126.9093197
678,구로동로41길,237617,229296,176115,167280,213027,133981,37.4946148,126.8814183
912,방배로35길,189308,258363,273227,258325,314605,155506,37.4923783,126.9877449
870,신림로65길,755133,521022,471056,562638,984574,662828,37.4853962,126.9278576
746,대림로7길,200952,205721,181665,173794,227024,133422,37.4894233,126.9047662
614,강서로5라길,270959,264807,212382,207516,275713,171522,37.5299233,126.8541161
307,용마산로118길,194339,224326,209167,191901,219328,105068,37.6011318,127.1046321
854,대학14길,259295,215096,141259,138235,203073,150248,37.4660516,126.9356652
134,회나무로13길,150980,157035,157412,168765,238788,128343,37.5416891,126.9906339
33,천호대로219길,3176,41802,37744,29366,22471,5663,37.5481094,127.170782
773,여의대방로43나길,280841,299253,222421,217671,277317,169908,37.5068662,126.9210845
355,창경궁로43길,191943,217390,210150,204315,261802,129874,37.5897223,127.0037752
57,북촌로5나길,5466,20810,49877,54935,45490,6036,37.5814657,126.9817759
414,도봉로156길,83101,84472,84205,79695,104255,53614,37.6727874,127.0443406
629,공항대로8길,175915,179829,133082,131495,185882,120143,37.560912,126.8122272
761,선유서로25길,94271,130534,134409,116569,137781,67567,0,0
895,강남대로8길,71756,129614,170042,145750,181780,76248,37.4679231,127.0420988
578,목동중앙서로7길,186438,196869,176448,179680,245760,143334,37.5335094,126.8660239
318,동소문로15길,445438,387246,426437,496798,817554,442538,37.5944735,127.0141135
291,면목로33길,270114,236469,188757,189018,247752,144368,37.5765988,127.0839111
46,오금로46길,250030,254019,207117,202459,266523,158005,37.4947115,127.1339574
277,동일로100길,306001,263670,214770,217316,297313,173068,37.5898402,127.0825062
850,남현2길,280876,276871,241067,250738,399629,239528,37.4751838,126.9762664
936,강남대로136길,198002,319140,426610,389998,456516,193958,37.512996,127.0212818
224,답십리로64길,248297,231583,222864,225732,328674,194860,37.5692259,127.0657237
538,신촌로28가길,264821,304960,260715,258023,308166,170519,37.5566138,126.9509878
280,동일로123길,417527,309350,266970,277248,401730,240130,37.5983937,127.076586
827,흑석로13길,376936,516829,632710,602582,741363,371094,37.5091813,126.9606559
0,백제고분로34길,170388,174370,137570,131378,168603,109381,37.5012675,127.0987777
1001,양재대로133길,669932,689559,541366,552618,727755,450829,37.5479528,127.1417572
765,신길로42가길,388754,378314,293296,294977,391045,234307,37.5094839,126.9166327
680,구로동로7길,262995,257206,234089,240988,311493,164863,37.4866123,126.8836851
66,종로24길,55030,149674,285407,316367,348578,111864,37.6634773,127.0737793
946,논현로123길,150765,173026,158292,154989,185553,99374,37.511706,127.0304667
684,구로중앙로34길,216688,226316,243014,250367,332855,176156,37.5013601,126.8857908
415,도봉로169나길,39135,43036,50213,48285,61681,28587,37.6688245,127.0394255
579,목동중앙서로8가길,141694,134927,121226,130891,198553,121090,37.5311369,126.8652139
555,효창원로93길,294596,352733,334967,308705,321299,173658,37.5479298,126.9622313
294,면목로49길,371367,314593,320728,344383,512767,299704,37.5827708,127.0867653
675,구로동로15길,173992,186901,179364,178540,210374,110722,37.4878366,126.8824613
868,신림로48길,198454,172033,112504,110557,156354,110317,37.4793367,126.9341372
245,장한로25길,278648,257172,252722,262227,383069,223766,37.571824,127.0696134
257,천장산로7길,141530,171955,187308,181968,166257,81305,37.5982505,127.0557107
161,송정4가길,251035,283190,232872,209586,242977,139298,37.5507702,127.0662209
731,시흥대로94길,204619,201078,162033,165227,214293,131405,37.4626772,126.8996295
613,강서로5나길,519228,444369,308767,314733,465032,327755,37.5284255,126.8437594
527,모래내로7길,188107,166831,134808,136441,178107,101839,37.5669563,126.911849
449,연서로13길,382372,315846,270998,276405,355990,198911,37.6089999,126.9145991
973,선릉로121길,261406,424997,577322,515232,575856,250337,37.5140138,127.0418569
650,초록마을로8길,257976,223201,138238,132537,175494,128338,37.5409569,126.8483809
446,수색로18길,87369,98347,116980,91539,108275,46602,37.5869728,126.8929358
247,장한로26길,291723,249730,227631,234843,342447,213072,37.571531,127.073673
587,오목로3길,159275,171758,142383,145925,196527,109335,37.5234614,126.8388236
239,약령시로17길,194765,214973,235587,292124,274700,108274,37.5857218,127.0415937
220,답십리로23길,276256,261784,214623,207700,304507,191296,37.5789784,127.0507229
838,난곡로24길,68655,80700,67809,63104,78690,43934,37.468191,126.9214843
92,청구로1길,309521,240974,193955,185484,241937,139781,37.557798,127.0165226
114,원효로19길,117130,167371,146034,134672,140592,73893,37.5332447,126.9543115
577,목동중앙북로8길,174073,222441,219656,219926,273745,141440,37.5445489,126.8679288
989,거마로20길,177284,197071,198236,195097,240022,123883,0,0
76,필운대로1길,113179,168642,231457,219247,266791,106351,37.5777542,126.9681088
991,마천로51길,147403,178164,181446,180581,219679,106362,37.4967357,127.1521051
671,고척로27길,142709,148272,127293,134184,177179,107292,37.5028479,126.8469329
386,솔매로45길,186735,224506,262154,274082,329079,146756,37.6264771,127.0253259
132,한강대로88길,61216,87737,121440,116817,164410,76234,0,0
529,백범로16길,282359,379933,416083,403498,483046,225676,37.546304,126.9427102
552,월드컵로7길,267394,269909,337521,362056,542874,263597,37.5517082,126.9073645
58,삼청로5길,6430,20582,51632,58058,47927,6001,37.5827566,126.980642
289,망우로73길,122622,137660,128053,114382,127028,58228,37.6025231,127.1033397
246,장한로26가길,337188,268275,247517,253683,374190,239087,37.5695295,127.0709233
374,도봉로76길,435471,400729,401985,421003,510415,268723,37.6314927,127.0267047
881,중앙길,535830,517567,446007,489007,677121,385680,36.367652,127.2989824
40,송이로36길,259997,283979,256221,248279,335170,196696,37.4844318,127.1267748
89,삼일대로4길,110155,329126,532322,438459,498363,177025,37.5619841,126.9896498
192,동일로24길,557712,397380,366783,425921,830546,560173,37.5433686,127.0675108
435,한글비석로22길,281379,241150,227344,247977,387027,229759,37.6604876,127.073436
68,종로65길,547149,486016,507831,509858,517420,259505,37.5753935,127.0198617
669,경인로47길,132936,157557,172774,181771,235650,133730,37.5043235,126.8631807
437,한글비석로44길,266671,256588,202260,212499,270488,163155,37.6644543,127.0716957
383,삼양로77길,211924,188016,142003,138975,163923,102347,37.6290172,127.0155761
139,금호산길,431707,383165,279420,280778,403289,254630,37.5518448,127.0193979
560,곰달래로5길,138667,164696,152848,155727,200176,110423,37.533614,126.8324814
483,통일로92길,359272,300552,222076,220745,299846,192189,37.6265346,126.9225444
118,이촌로22길,39606,52130,46477,45244,54081,26356,37.5253416,126.9558138
430,동일로242길,93588,109505,131934,128549,190902,95066,37.6745081,127.0610072
932,효령로72길,124302,249357,303025,251852,264732,107788,37.486832,127.0271812
800,사당로23나길,141486,139836,107795,112867,153277,93324,37.4879374,126.9783083
350,종암로19길,174255,183858,165658,164001,221225,124089,37.5974899,127.0322471
737,당산로31길,154792,226645,282096,249471,322880,149882,37.5267956,126.8949899
697,새말로18길,151543,143351,119372,121111,172391,108816,37.5027128,126.8923499
422,삼양로144길,90334,82619,79681,76955,101935,60294,37.6522855,127.0135648
385,솔매로41길,271474,279649,291592,300426,383567,186925,37.6273682,127.0223215
941,개포로82길,6481,21725,25934,22452,23243,9934,37.4888002,127.0670805
762,선유서로28길,111807,183414,209234,180144,197178,87126,37.5245818,126.8870902
14,명일로13길,339302,349311,284494,283109,360207,209442,37.533578,127.1432013
375,도봉로8길,237915,238312,269985,308762,501366,304704,37.6118679,127.0322267
82,다산로39길,381624,369082,363233,338420,448540,272373,37.5646809,127.0135661
504,통일로39길,291788,268829,295827,312977,411254,212531,37.5866595,126.9411382
705,금하로14길,196492,212056,241634,262390,371346,183324,37.6396192,127.0235321
783,국사봉2길,261213,257996,231275,243405,350721,206574,37.4962442,126.928436
674,공원로6가길,188836,190608,171831,169726,229065,136156,37.5030877,126.8903177
88,명동길,133294,489169,909960,847383,972426,286548,37.5638495,126.9851142
363,화랑로40길,253809,221229,203518,208708,348592,209112,37.6131593,127.0642374
273,겸재로54길,431930,400384,356140,366350,507011,287471,37.5863642,127.0916122
884,청림3길,198168,215989,167199,168779,208143,121211,37.4889486,126.9589545
172,장터길,313311,272031,191970,198988,292218,193446,35.9875035,128.0291773
758,디지털로74길,176876,246461,229230,202458,236387,119793,0,0
103,녹사평대로46길,101998,102190,111109,123735,182280,99725,37.5371719,126.9874019
763,신길로17길,149025,179838,177307,169768,220214,108587,37.4987063,126.9070432
455,연서로29길,550609,496174,533529,613610,981038,570621,37.6196566,126.9185625
371,도봉로18길,307598,273315,236095,234734,287641,150045,37.6203338,127.0308079
45,양재대로72길,101082,147344,169800,176311,261151,122755,37.5078151,127.1318179
433,상계로9가길,459876,412392,381468,403353,597556,347073,37.6590086,127.0673962
709,독산로108길,221746,325985,371817,378606,409268,164382,37.4797388,126.9069902
432,상계로1길,344306,288031,382287,469948,745721,402832,37.6567157,127.0620069
612,강서로5가길,698769,662944,569154,604654,867732,524751,37.5284799,126.8451109
733,경인로77길,76113,133160,172571,176399,242691,108459,37.51431,126.88953
11,동남로65길,50738,71403,50435,42478,59892,29659,37.5476917,127.1544715
214,천호대로109길,328281,302256,312498,332429,523606,290079,37.5592418,127.0820653
344,장월로1길,221677,231534,223655,217200,285719,154609,37.6060971,127.0450802
708,남부순환로112길,252140,290184,244838,235189,277629,161229,37.4774083,126.8935329
898,남부순환로325길,175884,294574,391384,355206,416532,173991,37.4830578,127.0148853
147,무수막길,371857,327682,243715,247188,351228,217731,37.5508699,127.0233318
299,봉화산로30길,299795,269495,208113,208248,271121,160641,37.6001086,127.0844587
283,동일로139길,242891,181740,168328,175240,258812,152990,37.6032455,127.0767186
754,도신로60길,265868,274816,231766,227773,309774,173950,37.5089703,126.9200885
412,도봉로147길,209631,187275,172279,187576,257884,143413,37.6651829,127.0422014
664,개봉로2길,229375,214494,175878,178497,252869,151217,37.4896202,126.8605391
804,사당로30길,289383,328140,404956,429102,663950,331495,37.4855411,126.9810747
750,도림로63길,138831,169030,165782,163011,190891,97411,37.4998618,126.9030627
698,신도림로13길,69910,89820,79535,72733,80286,44153,37.5113392,126.8793502
744,대림로34길,210996,259475,258678,247973,291096,153414,37.5008083,126.9011825
173,청계천로10나길,167665,172755,156992,145922,158581,71133,37.5700477,127.0349215
682,구로중앙로19길,191238,214374,200541,199661,241721,130212,37.4944142,126.88831
589,은행정로5길,170864,188914,205794,209954,277169,143181,37.5206548,126.854221
226,답십리로69길,135650,151323,147608,148159,199814,103055,37.5751937,127.0740928
305,용마산로100길,121485,122298,108038,104639,126374,70642,37.5909039,127.1004988
31,올림픽로98길,399283,392039,338018,358394,495809,278844,37.5508,127.12957
525,망원로2길,298932,275116,260516,295454,402969,210139,37.5544295,126.9024099
811,서달로10길,323933,447568,437547,430434,499397,249024,37.5037984,126.9634944
661,개봉로1길,120690,115559,92658,94221,132597,82063,37.4854621,126.8549737
285,동일로149길,166519,155460,140107,144143,198892,118536,37.6064468,127.0758767
484,가재울로6길,288826,262402,245221,243018,294717,168763,37.5759024,126.9229664
495,응암로1길,367000,301889,237308,244132,336597,207504,37.5816561,126.9103948
923,서초대로8길,206556,249922,207659,185699,212897,122738,37.4829495,126.9887065
857,법원단지9길,215294,214169,169474,172494,223198,132675,37.4754208,126.9223528
116,원효로53길,205667,275628,307205,284511,343333,166537,37.5368062,126.9620418
904,동광로39길,77021,116538,125963,115343,148382,79993,37.4959959,126.9993975
632,남부순환로11길,135589,154609,120839,115910,126791,75075,37.5559365,126.8148145
361,화랑로1길,286570,322773,309678,317510,405451,205273,37.6043672,127.0333044
95,퇴계로46길,173418,256699,328444,291377,312390,142373,37.5617781,126.9998431
261,천호대로77길,205365,226132,237614,233184,285948,151606,37.5645133,127.0623478
643,양천로26길,54845,60304,47936,48170,62802,35972,37.5726127,126.8217498
512,독막로22길,145786,178658,161579,155624,183316,99377,37.547026,126.9278568
582,신목로6길,178794,226732,272128,290893,408818,197577,37.5194231,126.8740385
179,광나루로37길,169397,193567,165187,164317,181856,102084,37.5459055,127.0887125
102,녹사평대로40나길,156473,79662,103790,129230,251211,168742,37.5362291,126.9887194
62,율곡로10길,94739,124079,220022,269164,337020,127101,37.5752051,126.9912859
204,아차산로78길,81909,115599,128940,126671,145891,65185,37.5508933,127.1102258
985,학동로38길,150885,271070,412630,398864,419073,157742,37.512983,127.0345388
843,난향길,30520,44711,46395,46537,53509,26211,37.4628205,126.9155782
184,긴고랑로8길,208200,174750,155221,154250,216377,123748,37.561565,127.078102
686,구로중앙로7길,223665,222336,210478,223071,296103,159681,37.4903616,126.8905001
742,대림로29길,358248,357245,382005,393359,499444,277657,37.4951657,126.8972806
91,청구로17길,339496,366393,403177,397072,529998,265036,37.5602895,127.0107072
952,논현로8길,43052,89535,105476,88575,99083,39208,37.4750487,127.0533676
716,문성로5길,206346,287004,306168,310687,337729,143938,37.4779552,126.905042
550,월드컵로25길,303235,278273,239830,260181,352035,196019,37.5576257,126.8986699
623,공항대로38길,152409,203633,299603,306545,418921,176603,37.5572558,126.8401431
929,효령로23길,197216,267719,299626,275580,317331,155278,37.4823511,126.9931299
411,도봉로143길,158560,152680,156701,167557,213540,112969,37.6618306,127.0399324
346,정릉로26길,149216,136598,104788,104849,142821,86384,37.6047256,127.0109787
493,신촌로37길,505945,1373009,1841823,1731573,1667406,471632,37.5584335,126.9592125
823,여의대방로46길,205667,244417,211921,204429,257714,145582,37.5109088,126.9259407
29,올림픽로78길,197623,228020,264616,295138,365148,164930,37.5430824,127.1259562
54,백석동길,950,5851,14108,14818,9893,1969,37.5932279,126.9658684
718,범안로17길,99206,117397,99585,92584,112525,62631,37.4675893,126.8942108
39,송이로32길,244564,286264,259768,254292,316608,175523,37.4895492,127.1282123
157,성수이로18길,202994,317710,369904,347632,424308,185669,37.5419363,127.0598147
802,사당로29길,356545,352811,410810,465574,768699,422327,37.4857433,126.9779153
146,매봉길,189727,183694,127627,127506,180727,120396,37.3208411,127.942951902416
221,답십리로56길,250310,226093,193539,194987,260528,148999,37.5691833,127.0593321
692,디지털로32가길,307499,366315,448502,428866,597105,328689,37.4813341,126.8978356
781,영신로9길,287570,277133,254464,292343,378476,192587,37.5125843,126.9077251
922,서초대로64길,156027,228437,258746,239571,279497,124368,37.4923275,127.0217449
725,시흥대로22길,19538,42665,42610,37624,35017,15151,37.4408931,126.9059672
394,인수봉로72길,268812,217539,159910,156973,201633,127595,37.6431106,127.0118798
52,돈화문로11가길,135312,210668,384291,415580,495160,177573,37.5748662,126.9905741
831,관악로28길,137921,166353,142636,142840,171732,90078,37.4850707,126.9583564
574,목동중앙로3길,396179,338427,219027,216244,297971,209371,37.5372573,126.8683955
359,화랑로14길,239665,227181,227431,238227,311766,155538,37.6010343,127.0432032
593,중앙로36길,164974,177238,193343,202509,275784,148102,37.5196865,126.8571227
402,노해로60길,399125,459612,421066,425360,555594,301409,37.6486909,127.0336978
779,영등포로80길,387941,413391,330018,314790,407265,249734,37.5114109,126.9199902
421,방학로6가길,251492,237705,234619,261660,341904,182310,37.6660878,127.0404157
448,연서로11길,304894,272394,196607,192981,253812,165236,37.609164,126.9135233
165,왕십리로14길,165878,299172,356774,321113,362467,141339,37.5484393,127.0467829
284,동일로140길,296733,248047,220899,221365,301883,173993,37.6054302,127.0829358
80,다산로36길,273998,227885,210172,202897,274525,154940,37.5606928,127.0187456
227,답십리로72길,301864,251953,231048,236548,339079,209792,37.5688334,127.0729248
447,역말로9길,361800,336511,306394,328948,411784,209188,37.6153619,126.9219568
353,종암로5길,140373,159918,149781,135848,150579,82319,37.5928094,127.0330428
310,길음로7길,190831,180033,159612,182808,252813,135663,29.2317542,92.0023306
735,경인로90길,53469,133353,233904,275257,292561,74907,37.5137752,126.9020402
259,천호대로17길,303991,342277,329560,289846,320386,170512,37.5760029,127.0323458
323,보문로13길,283498,263869,231095,220952,258289,142239,37.5802049,127.0192984
9,고덕로61길,10080,26608,36052,34625,38086,15319,37.55703,127.15258
730,시흥대로84길,170804,169495,138962,147771,185457,107772,37.4607184,126.9015105
537,신촌로12길,446636,517056,670217,765642,1060688,446825,37.5557095,126.9324996
30,올림픽로80길,206748,222615,228652,244914,317711,165505,37.5422174,127.1264554
798,사당로20길,290371,285202,241828,252925,349096,202965,37.4787531,126.973938
334,안암로5길,270757,301825,292654,279148,300923,149191,37.5805542,127.0234689
791,동작대로35길,150945,163283,157124,167995,230452,122313,37.4905913,126.9808817
969,삼성로63길,258439,370565,476942,527087,728174,320983,37.4992604,127.0593992
197,뚝섬로58길,214387,218993,161020,161918,211695,131770,37.5283532,127.0841329
799,사당로23길,105275,104778,70783,69523,90846,61065,37.4882419,126.9726631
392,오패산로67길,636019,504565,520418,579328,834963,499413,37.6364701,127.0270986
551,월드컵로36길,254309,202373,154133,153797,201211,121783,37.5670419,126.9039195
797,사당로16길,327273,321639,267109,280180,387000,224621,37.4792975,126.9709874
639,방화대로6라길,81466,89510,65759,60059,69867,42217,37.5556122,126.81843
608,강서로45길,131754,184948,188727,195579,244715,116736,37.5475695,126.8332559
510,도화4길,390858,453403,512583,448498,688550,379571,37.5409124,126.9509789
122,청파로47길,221666,288726,389150,379191,449578,196503,37.5451529,126.9648591
378,삼양로20길,319257,270956,196539,193771,249228,161511,37.6145036,127.0237471
38,송이로23길,214058,263648,288312,249357,323116,171707,37.4975793,127.1271081
554,토정로37길,320551,417030,466682,403147,574730,290741,37.5405421,126.9448338
530,성미산로11길,273972,265972,225088,217441,268600,156157,37.5630246,126.9160412
162,아차산로11길,119148,246310,309753,279299,341390,141313,37.5457271,127.0600169
67,종로58가길,501922,407368,431514,440442,403540,205651,37.5727592,127.0172476
124,청파로71길,289860,351358,318207,300847,303315,161150,37.5497292,126.9681029
4,백제고분로46길,283963,289271,268488,274469,376005,208281,37.5095493,127.1124065
688,남부순환로97길,125851,122975,109093,113355,178362,99520,37.4935404,126.8583081
702,중앙로1길,134155,170047,194324,200636,252053,135310,37.4312998,129.1709837
768,양평로19길,137021,200567,230708,180425,216149,104852,37.5360801,126.8943558
427,공릉로58길,117748,133722,118958,104319,113663,62605,37.6361807,127.0750419
619,곰달래로31길,393111,379698,305451,297754,414707,262497,37.5332878,126.8512389
948,논현로159길,131683,223288,355129,395989,505102,195231,37.5221268,127.0246706
506,홍제내길,140238,132305,103755,98221,129074,79806,37.5838173,126.9366008
949,논현로26길,93261,191481,260440,222386,258456,107794,37.4828603,127.0451222
399,한천로132길,542388,424872,407849,472236,709735,431676,37.6408233,127.0298671
636,등촌로55길,121521,144623,141284,140671,181599,102581,37.5502722,126.8600641
352,종암로24가길,116535,136853,141243,140583,192197,99920,37.6000154,127.0371548
848,남부순환로234길,282483,245530,244171,251929,452014,272842,37.4773893,126.9565202
879,조원로18길,295679,277828,232326,236694,333818,205434,37.4835251,126.9124127
260,천호대로45길,192575,224763,246385,259213,285151,128587,37.5748834,127.0434998
333,아리랑로4길,496743,428192,441403,518595,842731,471408,37.5958268,127.0195643
153,상원길,115325,226648,292102,250299,282957,113289,37.5482048,127.0483105
396,한천로109길,118748,130980,113195,117764,151082,78575,37.62825,127.04235
501,충정로6길,267790,469181,602030,473299,524988,210460,37.5624798,126.9666785
373,도봉로67길,255716,247061,238473,249527,287210,144517,37.6306347,127.0232754
312,돌곶이로22길,273324,250029,227172,222309,290738,155799,37.6104349,127.0599579
42,양재대로62길,201510,236877,253655,230831,298905,166152,37.4970565,127.1196579
1005,천호대로162길,517046,479587,459292,511798,787002,460264,37.5362969,127.1286044
522,마포대로4길,338674,424772,473038,402626,555940,303652,37.5389743,126.9460966
658,개봉로11길,220406,202876,159333,158951,222141,138918,37.488031,126.8550664
855,대학길,436129,357614,277384,278277,428478,299337,37.7543742,128.8956829
631,까치산로4길,319353,298286,220953,222094,305771,194352,37.5407521,126.8457235
703,가산로3길,101617,136056,114874,102402,112619,59597,37.4722845,126.8917604
618,곰달래로25길,586246,586253,535274,570581,805408,461332,37.5335722,126.8470334
604,강서로17가길,317184,290476,248602,282961,404754,231004,37.5337961,126.8443027
764,신길로39길,336075,326595,251165,256762,325878,198007,37.5069388,126.9090795
1002,양재대로91길,323999,325222,279217,278646,389550,219137,37.5283791,127.1335173
598,지양로7길,33441,49306,54454,62965,80458,40098,37.5208868,126.8312492
445,서오릉로8길,381611,295666,235808,247370,363375,219068,37.607619,126.9225977
272,겸재로36길,319912,284444,260188,275176,388296,217289,37.586221,127.0859353
887,호암로20길,515667,455120,385762,398902,590915,374520,37.4674037,126.9342629
519,동교로38길,363640,316843,361575,440130,735881,398827,37.561733,126.9254562
377,삼각산로28길,593126,366950,377374,433091,722011,469800,37.6388404,127.0200752
498,증가로23나길,598095,469229,340658,341332,467256,302210,37.5806993,126.9130685
888,호암로24길,604908,544301,462444,475550,696816,435608,37.4695103,126.9353461
967,삼성로147길,139387,235126,291136,268517,284118,125172,37.5218377,127.0472663
635,등촌로51길,119605,146346,139822,139225,172022,94926,37.5493432,126.8607811
97,퇴계로8길,94321,266747,437289,396538,269760,77210,37.5565183,126.9794832
128,한강대로43길,96466,178384,239924,215955,280724,113980,37.5318221,126.9690381
544,와우산로29길,225099,247183,332262,429215,637915,294581,37.5554122,126.9280305
379,삼양로24길,359092,307869,240723,240019,308729,184571,37.6176696,127.0225327
203,아차산로65길,319545,325800,278455,285870,402095,229435,37.5423162,127.0924311
343,인촌로6길,258969,256019,230607,223578,253266,133705,43.60564475,20.285088105044
736,국회대로56길,220070,277070,268964,276895,327178,180886,0,0
817,신대방길,167192,209646,215570,201396,276795,154114,37.4881887,126.9101357
518,동교로27길,344269,347808,460069,565730,862346,428524,37.5600724,126.92124
788,동작대로17길,389068,414819,470862,506576,779029,417620,37.4828112,126.9792017
488,북아현로4길,531663,1416303,1852512,1749780,1654072,468760,37.5606989,126.960529
237,서울시립대로29길,347269,376210,299667,287385,363479,225345,0,0
549,월드컵로19길,276818,267400,317402,348648,480363,228062,37.5539298,126.9065843
400,한천로139가길,550733,354735,390199,465408,781838,503239,37.6400563,127.0245705
570,목동로19길,250325,276101,301667,321511,452649,253996,37.5248017,126.8617365
232,무학로45길,225453,244754,302256,273489,351742,177286,37.5807547,127.0285468
442,갈현로7길,366613,309460,221559,216843,283224,176839,37.6044195,126.9078659
98,퇴계로90길,272339,374613,366630,355867,466643,239462,37.563038,127.021633
885,행운1길,524219,501184,509061,564426,878916,490861,37.483092,126.9557411
988,학동로77길,139588,233702,252768,231729,244845,109790,37.5203514,127.048478
511,도화길,449437,573631,683783,586295,869711,456628,37.874614,127.7380355
755,도신로62길,366013,382646,304581,293970,383717,229252,37.5100787,126.9192285
217,경희대로3길,338038,335381,379884,348552,524097,301637,37.5934619,127.0506714
360,화랑로19길,192297,222109,203722,194823,241466,119803,37.6080193,127.0496318
558,곰달래로2길,111611,115936,87387,92321,121178,73539,37.5278817,126.8345265
747,대림로8길,272880,347468,318403,282551,334727,185280,37.490617,126.9052994
968,삼성로57길,179361,282681,379565,426665,582495,244799,37.4980475,127.0602982
225,답십리로68길,318777,273424,269010,271712,400138,243362,37.5682499,127.0681392
18,상암로5길,307603,307140,297194,321789,454823,242766,37.5525546,127.1278186
168,왕십리로31길,329630,255522,205379,204984,273121,160864,37.5635776,127.028243
292,면목로45길,387190,335854,348114,374717,553133,319519,37.5818483,127.0866392
893,강남대로23길,27767,93477,130173,107151,116894,45641,37.4764137,127.0373999
397,한천로124나길,337390,316223,267516,285331,404153,248313,37.6381548,127.0313509
540,양화로11길,241769,305204,446469,481920,719895,320135,37.551978,126.9157472
328,삼선교로10다길,277540,302221,293956,306789,374257,200646,37.5834846,127.0085068
784,국사봉길,329127,308834,228188,238489,330297,212105,37.4988591,126.9285626
634,등촌로39길,87664,113550,102502,100199,116801,63061,37.5467776,126.8577203
93,퇴계로12길,78797,178156,329922,310168,227795,68554,37.5589091,126.9810443
213,자양번영로3길,242294,233189,177419,178109,252996,154180,37.5321631,127.0730672
337,오패산로4길,314892,332217,324459,332622,442164,224788,37.6039944,127.0409008
425,우이천로4다길,140321,139578,110857,106121,135870,79665,37.6357689,127.0402043
812,서달로14길,320109,455133,511030,495956,631130,304093,37.5072048,126.96563
115,원효로41길,116576,141193,132085,123158,143172,76928,37.535986,126.9599579
158,성수이로7길,104830,265308,383435,359139,411319,157474,0,0
999,암사길,746618,732916,489505,464509,594849,401985,37.5518865,127.1384718
112,우사단로14길,481944,270799,248780,263833,370505,272269,37.5338067,126.9985549
36,천호대로187길,474029,466481,418341,421878,568368,350876,37.5378721,127.1421032
105,두텁바위로1길,181195,221318,265211,239253,324597,156774,37.5484507,126.9755915
362,화랑로32길,257547,255152,226933,224992,293569,166294,37.6064381,127.0588391
365,노해로17길,433324,277154,261945,284664,482659,324520,37.6406018,127.0189681
441,갈현로41길,209055,211680,147763,145353,191799,128857,37.6242617,126.9157255
565,남부순환로79길,79715,164947,163330,150990,170843,79115,37.5183077,126.8435003
351,종암로21길,181641,184697,167325,174159,231859,127043,37.6017557,127.0317718
983,일원로9길,191132,236164,207294,197615,232346,133162,37.4912479,127.0880311
249,장한로27길,267731,251320,244956,252519,367106,212975,37.5731348,127.0704059
858,법원단지길,192386,205481,188396,199259,257310,137422,37.4745369,126.922086
805,사당로8길,252399,247506,192302,191348,255727,156880,37.4838782,126.9685986
406,도당로13바길,197566,186370,163633,176057,222888,122459,37.6689023,127.0368365
862,서림7길,296438,275845,194004,188818,260985,178512,37.4722007,126.9422994
164,아차산로5길,148827,265475,339010,292083,370787,163334,37.5472982,127.0525683
886,행운길,493624,435283,398594,405416,669293,413917,37.4802838,126.9597245
822,여의대방로24길,173834,217229,222428,210842,297008,156049,37.4982232,126.9208785
837,낙성대역길,377136,376557,352821,357146,532743,307813,37.4750836,126.9624899
83,동호로10길,371291,384757,396621,384856,528723,281697,37.5558258,127.0125472
734,경인로80길,111765,161647,174822,173934,224109,107663,37.5120368,126.8954844
295,면목로55길,246353,208955,194610,200852,291039,168099,37.5843785,127.0856941
70,창경궁로35길,209731,249575,256724,268533,376796,183828,37.5872078,127.002138
610,강서로47길,138799,216505,198571,190019,219496,110051,37.5540176,126.8317755
672,고척로27다길,121382,136458,132236,141411,180622,103453,37.5048298,126.8464913
933,방배중앙로21길,153515,179283,213162,219824,299124,150718,37.4920174,126.9844063
874,은천로25길,223090,215179,163146,174120,226092,139787,37.4887153,126.9491661
789,동작대로29길,249496,228482,246035,281583,479547,268984,37.4884313,126.9792616
846,남부순환로161길,257046,241148,189420,190536,261506,166983,37.4844578,126.9200812
127,한강대로15길,31484,59375,70686,62825,68595,28958,37.5261317,126.9634169
861,봉천로33길,458124,453895,402126,420009,577563,324322,37.4848515,126.9439826
1,백제고분로39길,190852,218245,242003,227114,309284,162792,37.5056357,127.10476
663,개봉로23가길,158020,173590,165056,167038,234993,124707,37.495454,126.8573367
539,신촌로30길,256047,296030,277455,276409,346523,183376,37.5562012,126.9537494
601,가로공원로76가길,303257,276501,204217,216484,285680,179500,37.5345989,126.8433646
308,용마산로94길,124039,146822,135540,126648,154366,86828,37.5891164,127.1002918
585,오목로23길,282512,290425,234218,227741,294312,181916,37.5257497,126.8508336
410,도봉로114길,494008,529111,453890,460297,602611,344863,37.6475306,127.0364361
171,용답중앙길,238114,238584,210191,212594,254907,141591,37.5644624,127.0519573
417,도봉산길,16942,27524,34467,39529,42449,18465,37.6864441,127.0410223
772,여의대방로39길,81091,137242,123440,112879,130253,62546,37.5031853,126.9209364
963,봉은사로43길,275942,420820,509463,468688,501827,221713,37.5106401,127.0395156
603,강서로15길,737637,656027,512603,568809,809934,501279,37.5321386,126.8422951
460,연서로5길,390808,255303,190137,195121,272268,172885,37.6035266,126.9117847
876,장군봉1길,314644,329304,313280,317209,435848,238486,37.4817188,126.9417741
637,등촌로5길,178119,177824,159160,171235,234980,138940,35.4121331,126.432302
423,시루봉로23길,83127,80645,79499,78991,104952,52176,0,0
315,돌곶이로41길,134970,150406,114987,114835,129738,75856,37.6184097,127.0449789
376,도봉로99길,251106,214446,190207,203193,295968,181195,37.6439905,127.0265356
524,망원로11길,332379,290604,271529,277427,398851,227115,37.5587401,126.9060963
877,장군봉2길,233717,237451,248084,250367,359350,190308,37.4826836,126.9377345
438,가좌로7길,575236,488151,364727,364556,465957,302614,37.5859547,126.9175189
748,도림로112길,387807,334596,227901,225719,326285,220486,37.5099901,126.9032858
150,무학봉길,316906,278376,205404,198797,279984,176945,37.5620869,127.0319789
1009,풍성로37가길,466976,464340,376805,394868,571146,333137,37.5329049,127.1283796
556,가로공원로58길,44450,53559,43835,41479,51677,30894,37.5326349,126.8249298
828,흑석로9길,355742,498314,623303,596962,723352,357696,37.5080097,126.9580641
816,성대로29길,272765,255167,203164,206758,290607,173660,37.5008701,126.9376385
409,도봉로109길,359508,374561,325298,340422,451552,256291,37.6469445,127.0317883
143,마장로39길,143020,158979,116381,108813,143386,88360,37.5674641,127.0428551
526,매봉산로2길,64727,109334,175094,140808,200778,94891,37.5775191,126.8956685
867,신림로38길,187853,175081,101347,100332,129741,96861,37.4769869,126.9379876
996,오금로36길,188561,234921,209281,185702,235948,127847,37.5029866,127.1257517
836,국회단지길,328944,303448,224942,226238,301273,194194,37.4904485,126.9421369
208,자양로15길,380732,368203,336131,351380,504080,288655,37.5342947,127.0779889
440,갈현로33길,266484,238434,174074,175285,245345,158685,37.6210312,126.9152584
131,한강대로7길,63224,80344,73047,66907,75406,39230,37.5253557,126.9626647
380,삼양로27길,315303,329455,297035,306994,416392,226826,37.6187847,127.0165842
174,한림말3길,155261,169126,140970,143362,204384,115834,37.5424154,127.0158758
533,성산로4길,273624,245756,199542,190759,255341,158755,37.5638034,126.9093989
270,휘경로3길,422412,370016,359981,369407,486435,275912,37.5990751,127.0656146
407,도당로19길,180088,151711,118099,124511,179407,108091,37.4929108,127.0379101
720,시흥대로120길,223418,217259,203792,207043,286354,167375,37.4687042,126.9000014
123,청파로47나길,284970,354841,430650,422956,483083,216158,37.5475283,126.9674561
138,금호산2길,314659,283341,206838,218318,309668,196795,37.5488862,127.0226714
51,난계로27길,212230,348283,487104,521761,438707,177941,37.5733276,127.020593
624,공항대로42길,147425,195599,260368,267136,344393,148998,37.5559663,126.8432108
275,공릉로2길,296313,266846,223109,229874,328442,195182,37.6120999,127.0795598
975,선릉로133길,239413,393730,554850,493992,562716,252272,37.5180512,127.0396723
342,인촌로5길,443142,335495,350031,372026,580370,320654,43.60564475,20.285088105044
256,제기로5길,192855,221879,247282,235730,285888,147454,37.5874925,127.0348264
182,긴고랑로20길,465380,435181,407087,418374,583479,332776,37.5608051,127.0837821
617,개화동로25길,144021,145037,116801,113800,161303,98693,37.5654875,126.8098048
300,봉화산로4길,317896,232281,196075,205104,310842,194936,37.5996889,127.0758479
690,도림로6길,287435,259780,229650,238476,340017,189728,37.485194,126.8883684
889,양산길,219522,221515,192809,200400,277462,153952,37.4734791,126.9319753
240,왕산로32길,152742,186652,215900,228256,234423,98010,37.5783969,127.0417139
230,망우로21길,350526,338007,270264,257227,350833,224421,37.590297,127.0624388
981,영동대로65길,179488,296772,381167,358014,461286,211242,37.5018551,127.063502
326,보문로32길,566860,398910,447124,516788,906232,515251,37.5897446,127.0176827
458,연서로3길,383240,267325,193173,196596,277134,174365,37.6024661,126.9125393
681,구로동로8길,415247,396121,356098,372474,493739,268978,37.4881731,126.8870845
662,개봉로20길,153868,143456,112520,116263,172112,102618,37.493461,126.8591389
892,소담길,270864,290382,236516,234121,299105,179158,25.2187857,109.2002632
465,은평로8길,683617,657782,589556,639502,858860,470209,37.5980594,126.9196216
163,아차산로15길,232859,329041,301626,276726,297377,142997,37.546997,127.0638424
167,왕십리로26길,517164,442716,406981,402252,568932,307410,37.5646695,127.0329728
145,마조로1길,254598,233153,285227,322216,544025,284061,37.5626305,127.0391788
206,용마산로3길,321781,299814,297058,311321,450530,248546,37.5569134,127.0838525
500,충정로4길,464047,1228663,1721670,1554688,1504577,418720,37.5606372,126.9640583
188,능동로34길,271052,266477,292210,311106,450426,238041,37.5540724,127.0837004
324,보문로26길,292213,290225,263297,257668,312382,168323,37.5875795,127.0221747
657,화곡로64길,258191,270203,270434,248524,334128,205145,37.556247,126.8564946
995,오금로11길,431713,384178,386654,381567,628610,389557,37.5153811,127.1109392
839,난곡로26길,127268,146335,135811,141183,178247,91036,37.4692895,126.9242977
859,복은길,269106,249067,149397,146557,193089,140556,37.4749748,126.9394304
856,미성5길,166363,188764,181361,192204,244894,127529,37.4732914,126.9146519
1004,천중로39길,543464,498771,386157,397855,568999,365621,37.5440044,127.1409366
575,목동중앙본로7길,471090,407414,257309,251336,345564,247970,37.5396176,126.8670836
79,다산로33길,371874,390333,398971,371684,478740,255798,37.5624685,127.0139161
818,양녕로26길,125645,128646,90848,88754,117571,74903,37.4962556,126.9437826
687,구로중앙로8길,308493,303669,330995,350731,456192,247132,37.4936535,126.8932026
913,방배로42길,152777,227360,220701,207014,238659,117671,37.4955431,126.9890615
853,당곡길,225962,228980,259259,240124,309165,163905,37.4910317,126.9284397
229,망우로18길,257419,246474,208185,198156,269261,168903,37.5864194,127.0628974
723,시흥대로150길,213416,247296,230731,230808,266907,135602,37.4759396,126.9009248
786,대방동27길,145122,187460,161778,156358,198276,108307,37.500932,126.9247993
100,녹사평대로26길,424391,163993,165976,199736,398154,311338,37.5317316,126.9929511
290,면목로21길,242079,218679,153449,156309,213590,137805,37.572509,127.0831956
444,서오릉로21길,188249,157080,119757,119161,160782,99078,37.6146779,126.907923
956,도산대로30길,95186,191438,295859,258566,270063,105544,37.5169807,127.0307924
53,명륜길,211878,237125,218974,206576,220376,114040,37.5882683,126.9957181
739,당산로38길,188049,237691,261767,239236,322105,161080,37.5293785,126.8989558
391,오패산로52길,263124,237037,166438,164133,209303,134386,37.624793,127.0322857
997,구천면로41길,744628,733534,552214,535612,703011,448783,37.5463126,127.1336285
1008,천호옛길,464689,503762,485321,505247,731486,379692,37.53407,127.1237455
666,경인로15길,89954,88242,73306,72470,92738,58037,37.4974249,126.8367427
251,장한로8길,198432,194533,222650,221131,257577,133184,37.5635776,127.0690038
499,증가로6길,321632,314449,285347,282709,350870,198588,37.5786113,126.9291401
475,증산로5길,95546,78639,74638,79274,99309,47702,37.5843992,126.9051898
670,고척로21나길,118170,111259,91497,96421,134756,84244,37.5022485,126.8431427
271,겸재로29길,342760,284592,247005,263451,374609,218012,37.5900836,127.0854866
44,양재대로71길,132635,178768,214853,224178,341890,162111,37.5110012,127.1242787
113,우사단로4길,325308,231536,184909,187364,246473,166441,37.5311416,126.999628
24,양재대로95길,451799,450964,371354,366314,497655,287792,37.5304093,127.1353246
211,자양로50길,213375,183322,159997,172170,249821,142674,37.552399,127.0947325
620,곰달래로47길,212733,189572,129080,132860,176815,118187,37.5346836,126.8556101
169,왕십리로6길,148757,333763,430753,378771,425561,155712,37.5458962,127.0459619
591,중앙로25길,120493,126348,113348,123200,164887,100593,35.9382269,126.9586485
979,언주로81길,360692,660034,770783,675217,676611,285657,37.4992873,127.0398606
596,중앙로51길,287112,273813,207427,211566,301660,182529,37.524486,126.8476351
520,마포대로12길,320026,444470,482244,415483,506349,250041,37.54759,126.9547918
32,천호대로197길,271281,274319,225387,228845,295150,166187,37.5359077,127.1468848
611,강서로47라길,149125,224856,197259,187208,220336,114123,37.5522762,126.8325922
109,소월로20길,137640,139904,112062,114037,160436,96124,37.5437942,126.9842856
136,후암로28길,139703,148101,146259,127381,169862,90550,37.5493349,126.9796602
330,삼양로8길,257000,247564,236170,259677,300481,147312,37.6080691,127.0247606
222,답십리로60길,180598,185158,173505,173121,235165,128804,37.5702606,127.0637463
28,올림픽로77길,189930,247246,299389,335628,390760,148405,37.5440013,127.1229954
287,동일로163길,233305,232217,209759,215586,307356,183517,37.6118019,127.0751973
722,시흥대로141길,208332,222635,190878,184425,232010,137276,37.4770137,126.8978046
55,북촌로11길,13136,66782,140337,135360,120556,22416,37.5840455,126.984098
982,일원로3길,200850,251199,220742,209387,244473,138560,37.49241,127.08381
891,원신길,71858,77687,59957,61349,73307,40188,37.4599918,126.9302381
911,방배로18길,139937,199022,229363,218810,264249,131543,37.4854943,126.9967587
48,도봉산4길,2010,6142,14655,19023,11811,1246,37.6887763,127.0423106
987,학동로6길,196177,221287,239076,227401,315101,173768,37.5100415,127.025357
986,학동로56길,311492,468676,608948,552895,634644,287299,37.51603,127.0426366
642,양천로24길,170149,187374,174828,173569,227323,120765,37.5675398,126.8152374
545,와우산로3길,320997,194423,256639,298373,559241,347389,37.5458858,126.9212348
477,증산서길,110689,118726,111833,111710,139625,72683,37.5833173,126.9063608
547,월드컵로11길,310820,289435,329140,359336,499336,244002,37.5542471,126.9086154
63,율곡로16길,138056,327824,430864,392869,334760,116226,37.5741338,127.0036109
413,도봉로152가길,50755,48728,56906,52554,72021,33733,37.6779107,127.0454359
384,삼양로93길,320278,239768,173872,169373,222632,140367,37.6377105,127.01643
899,남부순환로339길,71082,155393,193245,166952,158475,54141,37.4861355,127.0226379
322,보국문로16길,160643,151853,127493,132676,173992,106199,37.6105861,127.0095173
451,연서로17길,394859,351435,324605,342291,451900,232926,37.6132931,126.9147578
790,동작대로33길,311993,327204,389591,442205,679573,350234,37.4893537,126.9813961
234,사가정로23가길,154100,138388,126658,124959,180464,102515,37.5798261,127.0714434
656,화곡로59길,291849,236966,221755,211547,318911,240163,37.55447,126.848988
557,곰달래로10길,288892,265265,182426,188635,258845,172094,37.5282163,126.8372472
462,은평로13길,274626,309519,353134,378021,485612,230204,37.6022533,126.9254991
424,우이천로32길,176656,155263,109077,104072,127646,84727,37.6500575,127.0250252
890,양지길,197450,210048,200960,214593,290736,150605,35.627129,129.3310902
303,사가정로54길,417466,337579,320284,345372,510059,304051,37.578344,127.0867651
894,강남대로34길,119126,274572,395571,354355,454681,183313,37.483626,127.0373179
689,도림로12길,291201,279270,256547,260762,351386,190329,37.4868872,126.8885302
219,난계로30길,187653,298489,394495,398082,366841,150106,37.5739768,127.0252127
880,조원중앙로2길,279214,349849,386710,402751,460356,202789,37.4812275,126.90761
296,면목로56길,307373,269892,243843,252763,366972,213609,37.5838949,127.0912496
21,성안로3길,185713,261184,276483,256167,305921,145624,37.527776,127.1262891
760,선유서로24길,135115,217257,245870,210174,230987,104173,37.5236635,126.8874616
420,방학로5길,257237,258755,251588,267397,359746,201101,37.6617828,127.0377376
325,보문로31길,383352,363221,351686,346117,502804,278213,37.5877645,127.0145457
199,면목로17길,310302,250924,185324,192364,268731,170908,37.5704738,127.0826516
450,연서로16길,475757,397987,353210,370934,497561,275117,37.6083516,126.9176267
137,고산자로6길,378485,355954,348819,341699,532412,299943,37.5578444,127.0349628
536,숭문길,197340,279398,287476,283844,317215,144739,37.5481093,126.9454467
696,부일로1길,24744,45186,42487,38752,52984,34612,37.4924621,126.8213089
717,범안로11길,103175,138612,120318,107490,120614,63112,37.4687655,126.8909338
646,양천로73가길,220822,224674,178106,173214,238199,150237,37.5504126,126.8745588
628,공항대로61길,238258,286266,265465,266154,337209,188416,37.553029,126.866478
212,자양로53길,368603,309087,256074,263796,353800,210871,37.5559072,127.090805
971,삼성로69길,288082,387113,477862,472051,667235,316724,37.5005941,127.055321
944,논현로10길,79546,149225,173320,146639,169772,72244,37.4744411,127.0498487
931,효령로34길,96020,177409,222009,202237,220003,90246,37.4796717,127.0002943
505,홍연길,211969,202059,148745,141047,174701,108547,37.576115,126.9300611
824,장승배기로10길,308718,328975,304149,307568,396332,217737,37.5022464,126.9446432
231,무학로16길,142067,139596,119148,108866,115983,58782,37.5708966,127.0326123
405,도당로13가길,228327,206767,182103,201882,265110,148585,37.6676215,127.0388654
729,시흥대로68길,247052,250895,267819,292044,403531,217252,37.4576244,126.9024976
568,목동동로12길,211972,267464,341338,367372,511574,246842,37.5223877,126.8766526
317,동소문로13길,479168,463295,496107,547663,819896,429666,37.5940651,127.0133272
183,긴고랑로7길,333068,254459,217749,224192,300987,172093,37.5668204,127.0809769
865,신림로11길,427212,356754,278572,277504,418552,293321,37.4700034,126.9392547
863,승방길,209322,209259,214459,237982,427179,242604,37.4731877,126.9793357
693,디지털로32길,330984,362989,467482,473914,687437,375233,37.4831573,126.8997762
609,강서로45다길,182549,242681,249466,251633,328351,162276,37.5463652,126.8349156
626,공항대로59길,201192,250123,238036,228684,292315,163113,37.5540383,126.86349
485,독립문로8길,326787,356054,330855,308245,344850,178347,37.5672137,126.9589508
278,동일로101길,318512,270669,225762,221903,294656,174137,37.5887492,127.0765715
630,국회대로7길,211979,199883,173151,180055,256765,153740,37.5300352,126.8594017
20,성내로5길,428810,511764,456808,424750,536652,284369,37.5308993,127.123763
170,용답29길,341123,356247,324117,325337,390145,210917,37.5645632,127.0527122
401,한천로140길,377344,293114,275057,310879,469311,286927,37.6411479,127.0265128
934,서초중앙로8길,189277,319568,386385,338718,363733,149099,37.4878779,127.0201872
566,남부순환로88길,37770,68289,63078,57433,61942,33152,37.5119967,126.8409378
176,광나루로12길,520058,454599,330209,317560,469240,324110,0,0
327,삼선교로10길,381296,351205,326609,335956,445214,253353,37.5863387,127.0098297
706,금하로1길,19188,19621,16084,16879,23592,13652,37.4534688,126.8917875
198,뚝섬로64길,144362,161310,124269,123367,151193,92072,37.5313344,127.0889714
470,응암로34길,495116,487549,418642,447999,542190,285961,37.5981854,126.9240332
851,남현3길,285658,281753,284220,307201,542301,309601,37.4749453,126.9789582
694,부일로11길,9887,30656,41768,34549,32860,11974,37.494484,126.8314856
266,한천로46길,90731,80651,70559,69447,96856,54842,37.5816439,127.071893
615,강서로8길,657802,663302,593588,620817,855846,497868,37.5303815,126.8538236
732,가마산로61길,294101,280483,219681,217970,292388,179694,37.5070151,126.9050019
492,수색로8길,196340,156544,121520,122618,164005,99823,37.5772615,126.9070281
130,한강대로62길,82944,150285,195077,170037,227293,94647,37.5327854,126.9735417
338,인촌로17가길,210586,206781,176673,173126,188801,101980,0,0
860,봉천로13길,269333,247872,199256,186575,255626,168680,37.4899954,126.9308852
489,세검정로1길,313352,316166,301645,309659,402203,212997,37.5927242,126.9434915
572,목동중앙남로3가길,246328,247497,182091,173806,221651,142766,37.5360996,126.8641758
606,강서로29길,321239,331362,311958,332546,489041,275403,37.5388304,126.8392415
193,뚝섬로23길,336294,320495,297005,328066,492022,255928,37.5369932,127.0643171
140,둘레9길,116897,156703,159918,163457,198935,99118,37.5373839,127.0509176
416,도봉로181길,31898,45293,49777,52074,61611,30718,37.6850749,127.0432969
660,개봉로17다길,204707,178596,129098,130874,196015,125021,37.4938887,126.8519722
476,증산로9길,105956,79453,69896,74146,97394,51231,37.5851,126.90951
714,독산로78다길,175545,183971,149479,149458,194533,111236,37.4697713,126.9055016
152,상원12길,93105,148734,170922,150631,172582,75852,37.5505565,127.0492824
849,남부순환로248길,183569,207569,181929,184613,244086,136209,37.4739918,126.9656261
1007,천호옛14길,430249,439763,505115,573539,837659,418049,37.5356675,127.1270901
10,구천면로36길,377865,349391,251742,248614,345330,227464,37.5433432,127.1326827
269,휘경로2길,306417,302302,313091,328781,438392,238982,37.58773,127.06526
96,퇴계로56길,195469,275498,338114,300731,335020,157786,37.5618822,127.0058049
210,자양로45길,300811,257478,239475,251194,346457,192810,37.5528323,127.0919754
994,백제고분로31길,394426,387753,335041,345342,470616,282776,37.5062322,127.0958167
752,도신로15길,416018,362185,239557,235120,335803,237037,37.5070684,126.8976872
569,목동동로8길,53496,76518,93984,104729,137666,59786,37.5183258,126.8703686
813,서달로15길,429921,591154,720253,689790,889907,438550,37.485308,127.0027084
775,영등포로25길,168026,214241,234269,216449,258457,134483,37.5221172,126.8980939
871,신사로20길,162732,150619,114923,122630,174044,112174,37.4869785,126.9176515
548,월드컵로16길,260276,278552,314903,325616,433318,211632,37.5573354,126.9111914
953,도곡로37길,284817,434668,444347,383412,411217,201112,37.4958736,127.0448146
532,성미산로32길,295486,238209,261666,340852,583509,319183,37.5633704,126.9236589
943,논현로106길,287695,392218,482230,406268,466065,223769,37.5062532,127.0349295
332,솔샘로6길,141677,136840,120636,127159,174830,102684,37.6086276,127.0059114
75,평창길,1458,3789,6712,5334,3956,544,37.614825,126.9757433
712,독산로64길,117075,117264,92811,96134,125192,74970,37.4658292,126.9046622
77,난계로11길,272401,340481,324256,321111,405736,209405,37.566472,127.022131
263,한천로14길,282072,267889,280579,278731,380884,207075,37.5669079,127.0651337
1003,진황도로47길,550120,530438,495011,503310,708096,455899,0,0
149,무학봉28길,339550,286850,271694,266314,372345,198650,37.5608415,127.0342735
942,남부순환로365길,124357,241646,302808,276182,355129,155478,37.4878265,127.0398415
514,독막로8길,262840,177741,269712,316686,584528,343070,37.5468072,126.9178742
950,논현로28길,83997,179317,254969,213443,257292,103874,37.4834641,127.044366
469,응암로22길,397617,364640,264672,265015,323545,199389,37.59351,126.9206
564,남부순환로70길,75174,104501,101372,111683,142173,71003,37.5214641,126.8361532
774,여의대방로61길,166799,206369,180722,171320,221317,123433,37.5147285,126.9242696
461,은평로10길,250475,296781,322115,351185,437820,204517,37.6001647,126.9234846
253,전농로3길,306625,327898,306045,314386,401467,211688,33.5054046,126.515345
771,여의대방로35길,195291,272742,241633,220608,278089,145324,37.5017,126.9186276
845,남부순환로151길,299892,276147,219761,227898,330529,209726,37.4836109,126.9160757
369,덕릉로41길,613092,506103,511185,582359,854129,512264,37.6369759,127.0297467
321,동소문로6길,232314,209792,214751,222949,318471,175299,37.5887115,127.0082897
695,부일로15길,21297,33153,39009,36130,41414,19845,37.4943124,126.8324869
151,사근동길,197353,161555,142962,143830,240478,157500,37.5609,127.04555
959,도산대로81길,81805,168504,222853,220168,222361,97275,37.5268371,127.0467608
302,사가정로42길,291556,287179,262663,265293,349324,193374,37.5792234,127.0831034
190,능동로4길,268400,264045,203486,213874,290640,171453,37.5320251,127.0701166
586,오목로30길,248970,258613,217191,218810,294328,171314,37.5229982,126.854154
348,정릉로8길,35898,36131,30961,27224,33919,21571,32.0618266,121.1990977
243,이문로42길,322281,236728,172601,168182,221867,141170,37.6008667,127.0643142
793,등용로14길,160058,209944,196627,179294,230170,126728,37.5122887,126.9342611
87,동호로8길,318151,330898,360400,348414,489166,256691,37.5525485,127.0132326
751,도림천로21길,326003,280938,268455,293384,456633,278352,37.4870884,126.9021319
655,화곡로44나길,340274,316502,238378,215912,298800,209564,37.5489006,126.8498596
919,서초대로23길,173180,242754,270366,253141,306107,145898,37.4916535,126.990209
778,영등포로62길,178311,205992,174827,172822,228915,130448,0,0
418,방학로10길,151506,163758,176804,199407,243741,118450,37.6627598,127.0444075
288,망우로68길,215475,250023,250233,241125,296335,143988,37.5973235,127.1010037
648,월정로20길,393350,322378,202293,210321,311270,229659,37.5296593,126.8391818
166,왕십리로21길,332185,286706,242489,232335,326285,186049,37.5601059,127.0317114
595,중앙로47길,165074,180566,160096,168297,222609,132101,37.5203976,126.85069
947,논현로139길,171523,261495,400311,377567,393872,147651,37.5165343,127.0285892
155,성덕정17길,202141,263845,277094,278671,335673,166110,37.5379211,127.0552744
356,한천로101가길,84032,119524,109069,102513,87902,37099,37.6199614,127.0498339
381,삼양로41길,441766,414024,381766,398664,547594,297613,37.6215105,127.0195464
279,동일로112길,361250,362770,324573,342078,481477,264586,37.593299,127.0835772
126,한강대로104길,149327,212332,247276,209057,250595,111342,37.5503292,126.9736779
707,금하로24길,125502,139231,132465,141594,187915,98807,37.4485744,126.9085843
777,영등포로35길,230859,346655,507958,595717,717469,237272,37.52148,126.9043777
22,양재대로116길,431198,409739,371224,386900,553103,354250,37.5380392,127.1433706
616,개화동로23길,195140,192891,150905,148798,207998,128718,37.5661345,126.8093546
665,개봉로3길,174256,169426,138285,138478,190355,115689,37.4861005,126.8513964
282,동일로139가길,306499,252616,232688,238899,340929,198781,37.6043931,127.0780951
903,동광로1길,130446,162103,173895,162806,215549,114878,33.5025166,126.5286462
471,증산로13길,243749,212848,171119,183234,269447,164320,37.5882684,126.9107831
738,당산로37길,199335,254740,264419,233281,312717,162089,37.5302348,126.8965082
367,노해로33길,247873,228733,184155,178204,235115,142997,37.6464156,127.0228501
25,양재대로96길,316192,339443,282672,279002,364177,207888,37.5291727,127.1396958
196,뚝섬로54길,190811,172089,124406,126903,175141,115777,37.5298151,127.0801773
64,이화장길,178866,346076,474226,512139,577655,204132,37.5780473,127.0045096
15,상암로14길,334747,334293,311611,332258,457719,251863,37.5490696,127.12996
466,응암로12길,372979,348219,280036,287683,393174,256731,37.5884044,126.9173025
297,면목로78길,465747,379979,305082,316487,457917,286684,37.590659,127.0899523
883,청룡길,523766,515766,454402,468825,650585,378884,36.369266,127.2986483
621,곰달래로53길,156362,151157,107170,112968,136914,86775,37.536955,126.8554935
336,오패산로3길,250485,276838,251979,246243,342861,191425,37.6068009,127.0344276
820,여의대방로22나길,111806,148699,150248,135790,181867,90658,37.4962692,126.9219053
26,올림픽로48길,160687,242503,257074,233743,271678,126572,37.5290636,127.1214708
588,오목로5길,300286,284904,215521,218514,312861,190094,37.5240112,126.8402448
43,양재대로64길,285357,324676,343381,297718,402995,228076,37.4999969,127.1232
497,증가로20가길,381970,328467,234977,224503,263975,178107,37.5824661,126.9199512
792,동작대로7길,372916,389438,457445,482045,839599,442529,37.4785745,126.9793959
515,동교로17길,247506,313061,380868,371142,483379,225948,37.556884,126.914996
965,봉은사로68길,218424,249913,296976,255777,303631,173418,37.5114397,127.0498945
561,남부순환로33길,99462,132175,130723,126090,173437,91319,37.53828,126.8303147
917,사평대로57길,407325,408265,505286,497552,688782,364857,37.5083641,127.0218989
454,연서로28길,765878,615755,722487,844637,1341757,762487,37.6175151,126.9214359
387,솔매로50길,375888,403012,416323,425032,520320,236954,37.6245866,127.0276714
71,창신2길,265240,240688,239055,245330,287997,149758,37.5727709,127.0099092
542,양화진길,171421,221398,308192,333844,488260,237117,37.5473122,126.9122174
456,연서로33길,297042,241078,184698,193255,262255,159948,37.6209679,126.9247405
633,등촌로13길,184125,196013,159502,158999,191876,116244,37.5379589,126.8584522
431,상계로12길,442779,391536,354518,363153,543740,323495,37.6569931,127.0698842
627,공항대로59다길,310393,359497,327735,330353,421808,236209,37.5497193,126.8713748
653,화곡로20길,197106,205651,186855,185489,276380,159654,37.5389107,126.8366595
728,시흥대로63길,149974,156556,198414,221637,314180,158089,37.4556317,126.895958
264,한천로33길,119067,114807,111086,109977,159238,89272,37.5770197,127.0671588
209,자양로26길,334774,325662,301653,315598,384908,213523,37.5410325,127.086969
316,돌곶이로8길,247131,207288,160676,155557,193736,117162,37.6069997,127.063592
896,고무래로8길,148204,187055,175909,179885,220923,108014,37.5006218,127.0093073
513,독막로32길,342867,386257,355235,344290,440916,239183,37.5459225,126.9377972
313,돌곶이로27길,188586,232889,224010,213865,270980,133500,37.6113468,127.0534464
534,성지3길,173485,206859,284961,316111,480397,247532,37.5464093,126.915404
829,관악로10길,345953,344818,350468,370539,587313,334364,37.4766954,126.9548079
319,동소문로26가길,534991,425926,470816,565085,947791,530114,0,0
7,고덕로10길,332493,333017,316271,339454,477680,256171,37.5527922,127.1297041
393,인수봉로56길,273997,204792,146403,143177,185531,118673,37.6365028,127.0140396
141,뚝섬로5길,86475,202573,268762,243220,260511,99854,37.541472,127.0508937
86,동호로20길,230477,301938,363087,345572,446067,210270,37.5595573,127.0091102
864,신림동길,631546,484819,401373,442385,747011,495391,37.4871372,126.9264584
478,진흥로12길,547012,410941,374123,388038,519540,291797,37.6080656,126.9267332
503,통일로37길,339888,299642,308582,321769,416920,222044,37.5866362,126.9440445
753,도신로29길,285725,245198,169736,173964,252494,164264,37.5100697,126.9045366
215,천호대로123길,333466,311598,283539,286971,367741,209450,37.5429693,127.1388092
580,신목로2길,134687,169793,192066,203654,287719,137472,37.5184415,126.8747059
562,남부순환로40길,65265,83422,77416,75581,94377,52817,37.5328338,126.8260856
398,한천로130길,328150,291623,227414,244052,346647,220190,37.6391809,127.0314906
925,언남길,83368,154988,199748,166366,188967,79538,37.4710295,127.0408888
668,경인로35길,133937,155065,164594,170306,223908,121928,37.4987058,126.8537089
490,세무서2길,280808,215788,219278,223326,298702,156114,37.5887712,126.9466207
252,전농로29길,299158,352762,329444,323622,385121,209740,37.5794111,127.055778
907,방배천로4안길,236690,262332,358230,376071,649782,325399,37.4793318,126.9832558
468,응암로14길,338369,325905,268713,277209,375680,238459,37.5897172,126.9199217
914,사임당로17길,215806,368219,580774,514497,637449,263727,37.4917246,127.0176822
357,한천로76길,288372,237994,196970,199349,320806,201210,37.61133,127.06491
254,전농로4길,308184,331764,309275,305754,384604,206649,37.5665307,127.0593217
276,답십리로75길,230366,207914,152821,154167,203934,126629,37.577572,127.0802281
178,광나루로36길,212039,240080,198924,196357,221725,127435,37.5435491,127.0864008
281,동일로130길,416395,317045,246744,246654,333526,203774,37.599697,127.0813377
390,오패산로30길,245809,220352,187849,197392,291919,175913,37.6146789,127.0350232
508,대흥로21길,700024,898953,954348,989087,1217612,543731,37.5534162,126.9452581
749,도림로147길,83762,140921,159653,141525,182089,87457,37.516068,126.888989
583,신월로15길,169629,226209,222558,219348,284428,141479,37.5197179,126.8416846
972,삼성로75길,377354,540185,691225,569993,723287,345605,37.5030221,127.0560592
129,한강대로52길,86675,160596,211708,186859,250566,102933,37.5319969,126.9720943
144,마조로16길,197112,204641,157442,156082,211533,127289,37.5649078,127.0438108
960,도산대로89길,79447,118233,148563,134389,160383,83548,37.5262302,127.0515388
847,남부순환로172길,361833,305791,265297,290973,446420,283685,37.4825879,126.9225407
645,양천로71길,223872,232923,173699,167849,216354,137305,37.5529972,126.8719689
715,독산로85길,172391,173884,155783,157571,204284,115868,37.4724315,126.9024325
905,동산로10길,74631,119667,138312,122825,152078,65968,37.4703375,127.0461059
767,신길로60길,297735,305485,250754,251950,342126,196354,37.5143242,126.9138636
72,창신5길,413152,335330,297785,303112,384184,204397,37.574533,127.0127658
908,마방로2길,64297,130205,178709,148852,182942,77581,37.471393,127.0393162
235,사가정로2길,343898,333065,292313,293551,341807,184276,37.5705647,127.0517949
37,삼전로13길,456747,420904,398875,419534,650524,388166,37.5076667,127.087718
