,0,amount,store_id
0,,2170999.999999999,0.0
1,,297714.28571428586,1.0
2,,946142.8571428569,2.0
3,,2475642.85714286,4.0
4,,1111857.142857143,5.0
5,,6033928.571428578,6.0
6,,1644928.5714285711,7.0
7,,3449000.000000002,8.0
8,,1973999.999999999,9.0
9,,1103857.1428571434,10.0
10,,1023285.7142857149,11.0
11,,678448.5714285715,12.0
12,,3136757.142857148,13.0
13,,10569855.714285715,14.0
14,,3495499.9999999995,15.0
15,,1529714.2857142861,16.0
16,,834742.8571428583,17.0
17,,1460528.5714285718,18.0
18,,4526571.42857143,19.0
19,,2700499.9999999995,20.0
20,,701571.4285714289,22.0
21,,1696428.5714285702,23.0
22,,11444385.71428572,24.0
23,,304857.14285714267,25.0
24,,1113714.2857142861,26.0
25,,6842592.857142846,27.0
26,,4070300.0000000056,28.0
27,,2926571.4285714263,29.0
28,,728461.4285714285,30.0
29,,2122857.1428571413,31.0
30,,240045.71428571423,32.0
31,,2497142.8571428633,33.0
32,,3183529.142857143,34.0
33,,2719428.571428572,35.0
34,,19049999.999999996,36.0
35,,4074285.7142857183,37.0
36,,1275428.5714285711,38.0
37,,3771857.1428571395,40.0
38,,6471857.142857145,41.0
39,,1402428.5714285732,42.0
40,,1490285.7142857136,43.0
41,,867142.8571428575,45.0
42,,12707322.42857144,46.0
43,,2453142.857142857,47.0
44,,2801428.5714285676,48.0
45,,414680.0,49.0
46,,3460214.285714285,50.0
47,,3402142.8571428712,51.0
48,,1539642.8571428575,52.0
49,,1750120.0000000014,53.0
50,,3101099.9999999967,54.0
51,,1450142.857142857,55.0
52,,8865857.142857144,57.0
53,,2018571.4285714296,58.0
54,,10968669.999999993,59.0
55,,1190428.5714285714,60.0
56,,169715.57142857136,61.0
57,,25997044.285714265,62.0
58,,9991985.714285713,64.0
59,,3390857.142857145,66.0
60,,970649.9999999987,67.0
61,,2006957.1428571434,68.0
62,,163614.28571428574,69.0
63,,9659938.285714297,70.0
64,,2413999.9999999986,71.0
65,,8793999.999999996,72.0
66,,804142.8571428575,73.0
67,,1469260.0000000002,74.0
68,,1751999.999999999,75.0
69,,13192000.00000001,76.0
70,,1442716.9999999995,77.0
71,,3361428.5714285723,78.0
72,,557142.8571428569,79.0
73,,1177857.1428571448,80.0
74,,5173714.285714289,81.0
75,,3073571.4285714277,82.0
76,,5389011.428571426,83.0
77,,1753285.7142857178,84.0
78,,803871.4285714282,85.0
79,,13091214.285714287,86.0
80,,984714.2857142858,87.0
81,,2319999.999999994,88.0
82,,2636999.999999992,89.0
83,,2826285.714285712,90.0
84,,1370285.7142857143,91.0
85,,3793571.42857143,92.0
86,,14776915.714285707,93.0
87,,2541428.571428572,94.0
88,,10601602.85714285,95.0
89,,3920714.285714287,96.0
90,,1526928.5714285683,97.0
91,,2335899.999999998,98.0
92,,1790075.1428571446,99.0
93,,655671.4285714282,100.0
94,,1914328.5714285702,101.0
95,,1157628.5714285711,102.0
96,,1145657.1428571425,103.0
97,,7098871.428571415,104.0
98,,2477285.714285714,105.0
99,,243142.85714285713,106.0
100,,720285.7142857143,107.0
101,,1853714.2857142854,108.0
102,,2991985.714285721,109.0
103,,5536928.571428579,110.0
104,,590501.4285714286,111.0
105,,2573185.714285715,112.0
106,,13459999.999999993,113.0
107,,2760000.000000001,114.0
108,,1941428.5714285704,115.0
109,,23512371.428571444,116.0
110,,3479857.142857146,117.0
111,,533957.1428571428,118.0
112,,44502285.71428572,119.0
113,,3455728.571428573,120.0
114,,1915969.5714285716,121.0
115,,1811828.571428572,122.0
116,,681828.5714285712,123.0
117,,523571.42857142846,125.0
118,,2095285.7142857146,126.0
119,,2510214.2857142873,127.0
120,,6868557.142857148,128.0
121,,896600.0,129.0
122,,4913585.714285715,130.0
123,,1856425.7142857087,131.0
124,,3514471.42857143,132.0
125,,400542.8571428575,133.0
126,,1196299.9999999998,134.0
127,,3120714.285714274,136.0
128,,5005357.14285713,137.0
129,,264428.5714285715,138.0
130,,2050142.8571428556,139.0
131,,2181315.4285714286,141.0
132,,6397200.000000006,142.0
133,,2424142.8571428573,143.0
134,,699857.1428571426,144.0
135,,15537857.142857164,145.0
136,,7213857.142857162,146.0
137,,601142.8571428569,148.0
138,,2217707.1428571423,149.0
139,,5388495.714285718,150.0
140,,1602428.5714285723,151.0
141,,3793428.5714285746,152.0
142,,1638214.2857142861,153.0
143,,11875071.42857142,154.0
144,,3159491.4285714277,156.0
145,,876285.7142857146,157.0
146,,1378428.5714285718,159.0
147,,822371.4285714276,160.0
148,,1784571.4285714324,161.0
149,,7308028.5714285765,162.0
150,,6023571.428571427,164.0
151,,675285.7142857144,165.0
152,,140742.85714285716,166.0
153,,4430971.428571428,167.0
154,,477285.7142857142,168.0
155,,6929607.142857144,169.0
156,,1866857.1428571427,170.0
157,,599428.5714285715,171.0
158,,5089440.000000001,172.0
159,,2796571.428571429,173.0
160,,695571.4285714284,174.0
161,,601685.7142857143,175.0
162,,620999.9999999999,176.0
163,,1079000.0000000016,177.0
164,,4988428.571428575,178.0
165,,3072999.9999999995,179.0
166,,6907428.571428577,180.0
167,,2152357.142857142,181.0
168,,7813757.14285714,182.0
169,,9081314.285714282,183.0
170,,2441714.285714286,184.0
171,,4666090.000000002,185.0
172,,1086071.4285714277,186.0
173,,1535714.2857142845,187.0
174,,1986571.4285714282,188.0
175,,3810928.5714285737,189.0
176,,19083428.57142858,190.0
177,,1637571.4285714286,192.0
178,,1575828.5714285714,193.0
179,,6293857.142857144,194.0
180,,5295571.428571428,195.0
181,,8146514.285714279,196.0
182,,1615485.7142857125,197.0
183,,10589999.999999974,198.0
184,,2368857.142857141,199.0
185,,7782857.14285714,200.0
186,,1271142.8571428568,201.0
187,,897714.2857142857,202.0
188,,465400.0000000003,203.0
189,,4363571.428571428,204.0
190,,2531428.571428573,205.0
191,,2360857.142857143,206.0
192,,3527857.1428571446,207.0
193,,5029785.714285715,208.0
194,,1994342.8571428556,209.0
195,,2553928.5714285723,210.0
196,,802142.8571428574,211.0
197,,1505857.1428571432,212.0
198,,6163362.857142856,213.0
199,,361728.5714285712,214.0
200,,1018285.7142857144,215.0
201,,4011857.142857143,216.0
202,,2864714.285714282,217.0
203,,1137714.2857142852,218.0
204,,5899000.000000002,219.0
205,,3009705.7142857127,221.0
206,,2412428.5714285653,222.0
207,,3037857.142857143,223.0
208,,762142.8571428577,224.0
209,,2893002.142857139,225.0
210,,4202728.57142857,226.0
211,,817142.8571428574,227.0
212,,796428.5714285716,228.0
213,,5742485.714285712,229.0
214,,1185585.7142857143,230.0
215,,5284585.714285714,231.0
216,,149714.28571428568,232.0
217,,1565128.5714285686,233.0
218,,1852534.2857142866,234.0
219,,746571.4285714289,235.0
220,,2105657.142857143,236.0
221,,1995714.285714286,237.0
222,,2200714.2857142864,238.0
223,,16806142.857142884,239.0
224,,664112.857142857,240.0
225,,1970057.1428571385,241.0
226,,6372545.999999998,243.0
227,,2059757.142857148,245.0
228,,13179214.285714285,246.0
229,,9893314.285714274,247.0
230,,1758714.2857142864,248.0
231,,2046142.8571428594,249.0
232,,4108025.7142857155,250.0
233,,352000.00000000023,251.0
234,,2173500.0000000023,252.0
235,,3776021.428571429,253.0
236,,805928.5714285714,254.0
237,,984142.8571428581,255.0
238,,4201357.142857144,256.0
239,,249385.71428571426,257.0
240,,561142.8571428572,258.0
241,,10332142.857142864,259.0
242,,768714.2857142856,260.0
243,,2814000.0000000005,262.0
244,,2470771.428571428,264.0
245,,256242.8571428572,265.0
246,,785128.5714285715,266.0
247,,1025285.7142857134,267.0
248,,1654571.4285714284,268.0
249,,833142.8571428576,269.0
250,,8720014.285714285,270.0
251,,5146299.999999991,272.0
252,,1256142.8571428566,273.0
253,,1181285.7142857139,274.0
254,,4132857.1428571427,275.0
255,,14266668.571428586,276.0
256,,1320085.7142857132,277.0
257,,3207571.4285714263,278.0
258,,3762520.428571431,280.0
259,,3199142.8571428554,281.0
260,,2887145.7142857118,282.0
261,,3977671.428571431,283.0
262,,9601595.714285713,284.0
263,,2081428.5714285714,285.0
264,,4936714.285714287,286.0
265,,794200.0,287.0
266,,1812314.285714288,288.0
267,,1752142.85714286,289.0
268,,4670571.42857142,290.0
269,,1074228.5714285716,291.0
270,,6238928.571428569,293.0
271,,2612000.0000000014,294.0
272,,19529771.428571418,295.0
273,,1645214.285714286,296.0
274,,11910428.57142857,298.0
275,,2700285.7142857136,299.0
276,,6862657.142857142,300.0
277,,4035107.1428571413,301.0
278,,5639257.142857143,302.0
279,,3522857.142857144,303.0
280,,12112428.57142856,304.0
281,,1341714.2857142857,305.0
282,,2805321.428571427,306.0
283,,1026129.2857142851,307.0
284,,1035957.1428571438,308.0
285,,1563005.0000000012,309.0
286,,757714.2857142856,310.0
287,,4291842.85714286,311.0
288,,2323357.1428571423,312.0
289,,1494714.2857142838,313.0
290,,4213458.571428576,314.0
291,,3732857.1428571427,315.0
292,,2746714.2857142854,316.0
293,,6559285.857142851,317.0
294,,2007142.8571428554,318.0
295,,794000.0000000002,319.0
296,,3966571.4285714207,320.0
297,,1718357.1428571416,321.0
298,,629257.1428571427,322.0
299,,11869076.999999993,323.0
300,,1544588.7142857143,324.0
301,,8839142.857142862,325.0
302,,899671.428571429,326.0
303,,1450840.0000000035,328.0
304,,2574142.8571428577,329.0
305,,1447000.0000000002,330.0
306,,2213142.8571428573,331.0
307,,1577142.857142857,332.0
308,,4044142.85714286,333.0
309,,1087000.0,334.0
310,,8251428.571428575,335.0
311,,2027771.4285714284,336.0
312,,5057071.428571432,338.0
313,,2720928.571428572,339.0
314,,370714.2857142855,340.0
315,,1537845.7142857148,341.0
316,,458857.14285714243,342.0
317,,209285.7142857143,343.0
318,,52714.28571428572,344.0
319,,3520000.000000016,345.0
320,,1062714.285714286,347.0
321,,2348147.4285714296,348.0
322,,2298814.285714285,350.0
323,,25938670.285714306,351.0
324,,1218857.1428571434,352.0
325,,1569214.285714285,353.0
326,,7675571.428571427,354.0
327,,2102999.9999999986,355.0
328,,5810080.0,356.0
329,,7882114.285714291,357.0
330,,8087257.142857144,358.0
331,,1167857.142857143,359.0
332,,619857.1428571428,360.0
333,,1276285.7142857139,362.0
334,,842714.2857142853,363.0
335,,919487.1428571433,364.0
336,,2601500.0000000023,365.0
337,,1506071.4285714289,366.0
338,,362071.4285714282,367.0
339,,4084682.8571428657,368.0
340,,1162857.142857143,369.0
341,,2327857.1428571427,370.0
342,,4849078.571428572,371.0
343,,5095428.571428573,372.0
344,,731428.5714285714,373.0
345,,920999.999999997,374.0
346,,2891642.8571428545,375.0
347,,2491428.571428572,377.0
348,,454428.57142857113,378.0
349,,1245000.0000000007,379.0
350,,336428.5714285714,380.0
351,,2146857.1428571437,381.0
352,,3379285.7142857164,382.0
353,,3844285.7142857183,383.0
354,,8139582.85714287,384.0
355,,2745198.571428572,385.0
356,,1428214.2857142868,386.0
357,,1451496.7142857139,387.0
358,,2017005.5714285732,388.0
359,,3180071.428571429,389.0
360,,8293882.857142861,390.0
361,,3356428.5714285695,391.0
362,,1078785.7142857146,392.0
363,,894185.714285714,393.0
364,,1392710.0,394.0
365,,2614014.2857142873,395.0
366,,1512857.1428571427,396.0
367,,1281428.5714285707,397.0
368,,7298571.428571429,398.0
369,,1102428.5714285702,399.0
370,,6941393.571428574,400.0
371,,1792000.0000000002,401.0
372,,702785.7142857143,402.0
373,,1529000.0,404.0
374,,1428785.7142857143,405.0
375,,8178500.000000001,406.0
376,,15140371.42857144,407.0
377,,3909399.9999999995,408.0
378,,4592321.428571433,409.0
379,,34497142.857142836,410.0
380,,573300.0,411.0
381,,74715.99999999999,412.0
382,,2417400.0,413.0
383,,6429571.428571427,414.0
384,,1043571.4285714291,415.0
385,,7020192.857142859,416.0
386,,2709285.7142857225,417.0
387,,4503714.285714285,418.0
388,,6106428.571428571,419.0
389,,768000.0000000009,421.0
390,,6286285.714285721,422.0
391,,2704699.999999998,423.0
392,,7586849.999999996,425.0
393,,3645428.5714285728,426.0
394,,792309.7142857148,427.0
395,,4458214.285714283,429.0
396,,8392600.000000006,430.0
397,,809571.4285714286,431.0
398,,2601928.571428572,433.0
399,,828999.9999999999,434.0
400,,2232928.5714285728,435.0
401,,2256685.7142857127,436.0
402,,1382928.5714285707,437.0
403,,2065414.285714288,438.0
404,,613000.0000000009,439.0
405,,718885.7142857146,440.0
406,,422999.9999999996,441.0
407,,4978999.999999995,442.0
408,,289857.14285714284,443.0
409,,2176714.285714286,444.0
410,,1919000.0,445.0
411,,3311842.8571428573,446.0
412,,545714.2857142857,447.0
413,,809828.5714285712,448.0
414,,10572071.42857143,449.0
415,,2162571.4285714305,450.0
416,,11194000.000000004,451.0
417,,2058142.8571428533,452.0
418,,2974499.9999999995,454.0
419,,737857.1428571441,455.0
420,,5299142.857142853,456.0
421,,339428.57142857136,458.0
422,,2326714.2857142864,459.0
423,,18714.285714285714,460.0
424,,3910499.9999999977,461.0
425,,1820572.857142858,462.0
426,,770900.0000000002,463.0
427,,7672857.142857146,464.0
428,,1124714.2857142854,465.0
429,,3631928.57142857,466.0
430,,5516428.571428569,467.0
431,,1992857.1428571416,468.0
432,,8509857.14285714,469.0
433,,7261428.571428571,470.0
434,,4484571.428571427,471.0
435,,977642.8571428574,472.0
436,,8999399.999999996,473.0
437,,1738714.2857142887,474.0
438,,3739499.9999999995,475.0
439,,5298628.5714285765,476.0
440,,2803328.571428571,477.0
441,,673771.428571429,478.0
442,,1203757.1428571432,479.0
443,,216571.42857142864,480.0
444,,6672601.428571425,481.0
445,,1175285.7142857146,483.0
446,,821542.8571428575,484.0
447,,2747500.0000000005,485.0
448,,717799.9999999999,486.0
449,,991857.1428571431,487.0
450,,2070257.1428571418,488.0
451,,3329999.9999999995,490.0
452,,1112928.5714285711,491.0
453,,2544914.2857142882,492.0
454,,4828285.714285714,493.0
455,,1759285.714285712,494.0
456,,1882428.5714285725,495.0
457,,3347834.5714285686,496.0
458,,442857.1428571428,497.0
459,,1969914.2857142827,498.0
460,,7172942.857142836,499.0
461,,1008714.2857142856,500.0
462,,1872942.857142857,501.0
463,,2414571.42857143,502.0
464,,1138185.7142857153,503.0
465,,4265715.285714285,504.0
466,,5198715.428571428,505.0
467,,1060285.714285715,506.0
468,,2633878.571428569,507.0
469,,2932185.714285715,508.0
470,,3969528.571428572,509.0
471,,988097.142857144,510.0
472,,1589214.285714286,511.0
473,,5808014.285714289,512.0
474,,14771142.857142853,513.0
475,,715371.4285714286,514.0
476,,828857.142857143,516.0
477,,1595714.2857142861,517.0
478,,1554457.142857142,518.0
479,,2354857.1428571413,519.0
480,,1136857.142857143,520.0
481,,2112399.9999999986,521.0
482,,1040857.1428571428,522.0
483,,1679071.4285714242,523.0
484,,1880071.4285714286,524.0
485,,4745428.571428568,525.0
486,,10107771.428571427,526.0
487,,2597285.7142857146,527.0
488,,1265828.5714285718,528.0
489,,7540785.71428571,529.0
490,,3573357.142857143,530.0
491,,3057214.2857142636,531.0
492,,1070714.2857142843,532.0
493,,2366071.4285714296,533.0
494,,5047857.142857143,534.0
495,,4507599.999999996,535.0
496,,1511399.999999999,536.0
497,,1633285.7142857146,537.0
498,,170138559.14285707,538.0
499,,1364571.428571428,540.0
500,,3892857.14285714,541.0
501,,3318571.4285714314,542.0
502,,910500.0000000042,543.0
503,,2946642.8571428554,544.0
504,,802442.8571428562,545.0
505,,3772300.0000000047,546.0
506,,2908957.142857147,547.0
507,,2870642.8571428577,548.0
508,,803635.714285714,549.0
509,,4929571.428571428,550.0
510,,2056571.4285714277,551.0
511,,856571.4285714283,552.0
512,,3437357.1428571464,553.0
513,,324857.14285714284,554.0
514,,4942499.999999999,555.0
515,,5328714.285714287,556.0
516,,1372585.7142857143,557.0
517,,7615914.285714284,558.0
518,,601857.1428571428,559.0
519,,4551957.142857146,560.0
520,,5038500.000000002,561.0
521,,504285.7142857142,562.0
522,,3267714.285714288,563.0
523,,2757428.571428571,564.0
524,,9884871.42857143,565.0
525,,871785.7142857147,566.0
526,,7614142.857142854,567.0
527,,22965322.857142847,568.0
528,,3938428.5714285686,570.0
529,,3149285.7142857155,571.0
530,,9949285.714285718,572.0
531,,6503285.714285711,573.0
532,,2069142.857142858,574.0
533,,837785.7142857147,575.0
534,,1293142.8571428568,576.0
535,,2794214.285714285,577.0
536,,7360739.999999967,578.0
537,,10441142.857142862,579.0
538,,10629571.428571427,580.0
539,,1283557.142857143,581.0
540,,2391571.428571419,582.0
541,,1325885.7142857139,583.0
542,,1434757.1428571416,584.0
543,,1834571.4285714289,585.0
544,,10360142.857142858,586.0
545,,3631714.285714285,587.0
546,,5064484.285714282,589.0
547,,8930215.28571427,590.0
548,,330142.85714285704,591.0
549,,4005428.57142857,592.0
550,,2498618.571428568,593.0
551,,90671.42857142861,594.0
552,,7229285.714285717,595.0
553,,3255528.571428575,596.0
554,,1961214.2857142726,597.0
555,,2002628.571428571,598.0
556,,2050.0000000000005,599.0
557,,4282000.000000001,600.0
558,,1832428.5714285714,601.0
559,,6170387.142857145,602.0
560,,16594142.857142858,603.0
561,,998571.4285714284,604.0
562,,1519999.9999999995,605.0
563,,3261178.571428574,607.0
564,,520928.5714285712,608.0
565,,5302357.142857141,609.0
566,,5698214.285714285,611.0
567,,6548571.428571431,612.0
568,,2895982.8571428573,613.0
569,,4463000.000000001,614.0
570,,12097233.428571409,615.0
571,,2616428.571428572,616.0
572,,7247928.57142857,617.0
573,,2959571.4285714286,618.0
574,,13357.142857142859,619.0
575,,2157147.1428571437,620.0
576,,2434285.7142857155,621.0
577,,948257.1428571434,622.0
578,,6600142.857142856,624.0
579,,1198612.5714285714,625.0
580,,1053785.7142857148,626.0
581,,2441635.7142857136,627.0
582,,2141071.4285714286,628.0
583,,4173357.1428571427,629.0
584,,3718999.9999999986,630.0
585,,981099.9999999997,631.0
586,,255142.85714285728,632.0
587,,5155954.285714285,633.0
588,,3662214.285714285,635.0
589,,3581429.9999999986,636.0
590,,1212000.0000000005,637.0
591,,6332571.428571434,638.0
592,,3389328.571428569,639.0
593,,1816285.7142857153,640.0
594,,7568857.142857141,641.0
595,,3512857.142857143,642.0
596,,2044428.5714285665,643.0
597,,2360571.428571428,644.0
598,,4450342.857142859,645.0
599,,3771642.8571428494,646.0
600,,373571.4285714285,647.0
601,,2061714.2857142778,649.0
602,,5627088.571428566,650.0
603,,13823714.285714274,651.0
604,,1078646.1428571427,652.0
605,,2056814.2857142857,653.0
606,,7533336.999999993,654.0
607,,579799.9999999997,655.0
608,,2267226.142857143,656.0
609,,2360228.571428572,657.0
610,,5718445.714285714,658.0
611,,2115285.714285717,659.0
612,,2588571.428571428,660.0
613,,2205857.142857142,661.0
614,,2333371.4285714296,662.0
615,,9276714.285714285,663.0
616,,2385942.8571428554,664.0
617,,1261000.0000000005,665.0
618,,960157.1428571432,666.0
619,,3041142.8571428545,667.0
620,,1364428.571428571,668.0
621,,1562857.1428571444,669.0
622,,7529142.857142865,671.0
623,,11998428.571428567,672.0
624,,9096214.285714287,673.0
625,,2821628.5714285737,674.0
626,,3519714.2857142687,675.0
627,,21163714.2857143,676.0
628,,3224714.285714286,677.0
629,,1089428.5714285707,678.0
630,,2543517.142857143,679.0
631,,1940971.4285714251,680.0
632,,1960285.7142857055,681.0
633,,1574571.428571425,682.0
634,,2623714.2857142864,684.0
635,,5074871.428571426,685.0
636,,2926857.142857143,686.0
637,,3759285.714285713,687.0
638,,4031428.571428572,688.0
639,,2051571.4285714286,689.0
640,,2152499.999999997,690.0
641,,2688142.857142858,691.0
642,,2241714.2857142854,692.0
643,,2090142.8571428547,694.0
644,,2618514.2857142864,695.0
645,,4571357.142857145,696.0
646,,2016107.142857137,697.0
647,,7589999.999999971,698.0
648,,133352.85714285713,699.0
649,,7219142.857142858,700.0
650,,4901428.571428566,701.0
651,,2702642.857142855,702.0
652,,4806999.999999997,703.0
653,,1472182.8571428575,704.0
654,,3052285.714285713,705.0
655,,2309999.999999995,707.0
656,,7839799.999999998,708.0
657,,1201414.2857142843,710.0
658,,926714.2857142853,711.0
659,,2038142.8571428536,712.0
660,,3973857.1428571455,713.0
661,,550428.571428571,715.0
662,,3108499.9999999967,716.0
663,,1797642.8571428552,717.0
664,,485371.4285714285,718.0
665,,2235999.9999999977,719.0
666,,9235857.14285715,720.0
667,,1471857.1428571425,721.0
668,,660571.4285714285,722.0
669,,3121142.8571428615,723.0
670,,3403428.5714285723,724.0
671,,1010714.2857142853,725.0
672,,18806876.571428556,727.0
673,,910571.4285714296,728.0
674,,951271.4285714284,729.0
675,,2257714.285714286,730.0
676,,1573714.285714286,731.0
677,,1403714.2857142861,732.0
678,,867714.2857142859,733.0
679,,2489428.5714285723,734.0
680,,3128471.428571427,735.0
681,,1370271.4285714296,737.0
682,,2781999.9999999986,738.0
683,,906857.142857143,739.0
684,,2441971.428571428,740.0
685,,18243785.7142857,741.0
686,,2227999.9999999977,742.0
687,,2287642.857142858,743.0
688,,1565714.2857142854,744.0
689,,4572428.571428554,745.0
690,,1442714.2857142847,746.0
691,,3165999.999999997,747.0
692,,1429714.285714288,748.0
693,,4110000.0,749.0
694,,3788671.4285714217,750.0
695,,5657499.999999999,751.0
696,,1035271.4285714305,752.0
697,,1633357.142857143,754.0
698,,2354581.0000000005,755.0
699,,8657701.428571424,756.0
700,,4581464.285714283,757.0
701,,595985.7142857147,758.0
702,,2153771.4285714277,759.0
703,,1599142.8571428573,760.0
704,,2927571.4285714254,761.0
705,,5437755.714285714,762.0
706,,1835857.1428571395,763.0
707,,300857.14285714284,764.0
708,,3049571.4285714296,765.0
709,,4997134.285714287,766.0
710,,1676157.1428571425,767.0
711,,3355714.2857142873,768.0
712,,1120142.857142858,769.0
713,,10403571.428571438,770.0
714,,596357.1428571431,771.0
715,,1745071.428571436,772.0
716,,2275999.999999999,773.0
717,,4427428.5714285765,774.0
718,,281928.57142857136,775.0
719,,4327285.714285713,776.0
720,,3472000.000000008,777.0
721,,5919285.714285719,778.0
722,,7085628.571428573,779.0
723,,2444999.999999997,780.0
724,,750142.8571428576,781.0
725,,3909428.5714285723,782.0
726,,2529000.0000000023,783.0
727,,3625028.5714285714,784.0
728,,4362225.714285719,785.0
729,,2373999.9999999995,786.0
730,,1429714.285714286,788.0
731,,4867142.857142855,789.0
732,,904428.5714285718,790.0
733,,2238714.285714286,791.0
734,,2757785.7142857155,792.0
735,,12186114.285714287,793.0
736,,1307857.1428571423,794.0
737,,23357401.14285714,796.0
738,,1774285.714285718,797.0
739,,20225157.142857138,798.0
740,,4501500.000000001,799.0
741,,3105728.5714285704,800.0
742,,209299.99999999994,801.0
743,,4584714.285714283,802.0
744,,2762928.5714285728,803.0
745,,2676428.5714285737,804.0
746,,632350.0000000003,805.0
747,,17039000.000000007,806.0
748,,2620857.142857143,807.0
749,,235714.28571428574,808.0
750,,1910614.2857142875,809.0
751,,2460714.285714285,810.0
752,,13011979.999999998,812.0
753,,771142.8571428574,813.0
754,,2003999.9999999974,814.0
755,,910571.4285714289,815.0
756,,2505428.5714285728,816.0
757,,6968890.000000001,817.0
758,,4773714.285714289,818.0
759,,606714.2857142856,819.0
760,,4548142.857142862,820.0
761,,2261785.714285714,821.0
762,,5061571.42857143,823.0
763,,3606628.571428573,824.0
764,,1010571.4285714288,825.0
765,,8794857.142857105,826.0
766,,1606714.2857142857,827.0
767,,311842.857142857,828.0
768,,2796757.1428571423,829.0
769,,312857.1428571429,830.0
770,,3754857.142857136,831.0
771,,6645285.714285713,832.0
772,,3640241.428571428,833.0
773,,6119199.999999997,834.0
774,,1291042.5714285718,835.0
775,,6112300.000000006,836.0
776,,7167057.142857142,837.0
777,,10865857.142857136,838.0
778,,4189285.7142857146,839.0
779,,5484057.142857144,840.0
780,,1195900.0000000007,841.0
781,,981642.8571428572,842.0
782,,2111842.8571428573,843.0
783,,3848857.1428571385,844.0
784,,2347657.1428571353,845.0
785,,2987285.7142857127,846.0
786,,1506857.1428571432,847.0
787,,2118242.8571428554,848.0
788,,3859285.7142857076,849.0
789,,4213714.2857142845,850.0
790,,1133571.4285714275,851.0
791,,6515214.285714285,852.0
792,,9952857.142857142,853.0
793,,1822857.142857143,854.0
794,,793142.8571428586,855.0
795,,691571.428571429,856.0
796,,1527892.8571428566,857.0
797,,1660142.8571428577,858.0
798,,5926085.714285707,859.0
799,,6304285.714285721,860.0
800,,3129785.7142857104,861.0
801,,293714.2857142856,862.0
802,,664714.2857142857,863.0
803,,2065571.4285714286,864.0
804,,3894857.1428571437,865.0
805,,2602999.9999999986,866.0
806,,2954285.714285716,867.0
807,,12542639.999999989,868.0
808,,1665142.8571428582,869.0
809,,1250928.571428566,870.0
810,,4733439.9999999935,871.0
811,,5740521.42857143,872.0
812,,6237185.714285709,873.0
813,,866428.571428571,874.0
814,,2785571.428571428,875.0
815,,645564.2857142856,876.0
816,,2574285.7142857127,877.0
817,,15724000.000000017,878.0
818,,5025600.000000013,879.0
819,,352857.14285714284,880.0
820,,1713354.2857142857,881.0
821,,2801857.1428571423,883.0
822,,1274104.2857142857,884.0
823,,459428.5714285716,885.0
824,,745000.0,886.0
825,,914057.1428571421,887.0
826,,2705714.2857142845,888.0
827,,11807142.857142858,889.0
828,,4053185.714285718,890.0
829,,1446714.2857142885,891.0
830,,8347828.571428582,892.0
831,,2831000.000000008,893.0
832,,6972128.571428571,894.0
833,,15868142.857142875,895.0
834,,2185999.999999999,896.0
835,,1007328.5714285698,897.0
836,,2286857.1428571423,898.0
837,,655604.2857142849,899.0
838,,2487428.5714285667,900.0
839,,779714.2857142864,902.0
840,,3011431.4285714277,903.0
841,,3985635.714285713,905.0
842,,239471.42857142852,906.0
843,,2626428.5714285662,907.0
844,,8617857.142857136,908.0
845,,6269285.714285717,909.0
846,,2281000.0,911.0
847,,1388500.0000000033,912.0
848,,1386428.5714285716,913.0
849,,8488092.857142854,914.0
850,,1847857.1428571425,915.0
851,,1807428.571428564,916.0
852,,6584357.142857142,917.0
853,,5679785.714285714,918.0
854,,2172885.71428571,919.0
855,,2702285.714285709,920.0
856,,3539871.4285714286,921.0
857,,2514395.714285714,922.0
858,,1640557.1428571427,923.0
859,,11091500.0,924.0
860,,2431999.999999998,925.0
861,,1164685.7142857143,926.0
862,,8124285.714285714,927.0
863,,5523500.000000004,928.0
864,,2780985.71428572,929.0
865,,4960714.285714283,930.0
866,,4895678.571428572,931.0
867,,2627714.2857142864,932.0
868,,1598000.0,933.0
869,,1839142.8571428661,934.0
870,,657428.5714285716,935.0
871,,1362428.5714285728,936.0
872,,2143868.5714285774,937.0
873,,2004571.4285714284,938.0
874,,4071571.4285714286,939.0
875,,352857.1428571428,940.0
876,,230585.7142857142,941.0
877,,5390378.571428573,942.0
878,,2293571.428571429,943.0
879,,1738285.7142857139,944.0
880,,549699.9999999998,945.0
881,,7743000.000000004,946.0
882,,4330642.857142858,947.0
883,,1311514.2857142838,948.0
884,,4054006.2857142854,949.0
885,,869642.8571428593,950.0
886,,4990928.571428579,951.0
887,,1018299.9999999998,952.0
888,,1860715.7142857146,954.0
889,,1022414.2857142859,955.0
890,,411428.57142857154,957.0
891,,3018142.857142855,958.0
892,,164000.0,959.0
893,,740428.571428571,960.0
894,,828642.857142857,961.0
895,,2470285.7142857164,962.0
896,,2889157.1428571423,963.0
897,,2287285.7142857136,964.0
898,,2536428.5714285723,965.0
899,,2853885.7142857136,966.0
900,,656199.9999999983,967.0
901,,1378499.9999999981,968.0
902,,7257128.571428571,969.0
903,,3063886.0000000102,970.0
904,,3501571.4285714305,972.0
905,,4545428.571428578,973.0
906,,2744142.8571428577,974.0
907,,11327000.000000019,975.0
908,,3201285.7142857155,976.0
909,,2900714.285714284,977.0
910,,582371.4285714286,978.0
911,,752714.2857142853,979.0
912,,2086642.857142857,980.0
913,,1872071.4285714314,981.0
914,,321142.85714285704,982.0
915,,621002.1428571438,983.0
916,,2544642.8571428573,984.0
917,,1473571.4285714284,985.0
918,,729000.0000000001,986.0
919,,1072342.8571428563,987.0
920,,699714.2857142861,988.0
921,,776857.1428571434,989.0
922,,2563285.7142857136,990.0
923,,5811714.285714283,991.0
924,,17436285.7142857,992.0
925,,378714.2857142858,993.0
926,,2651785.714285713,994.0
927,,6168997.142857144,995.0
928,,2489572.857142858,996.0
929,,7353428.571428569,997.0
930,,4393571.428571428,998.0
931,,487285.71428571426,1000.0
932,,2980971.4285714277,1002.0
933,,8081185.714285719,1004.0
934,,2240001.1428571423,1005.0
935,,2712928.571428567,1006.0
936,,2268285.714285715,1007.0
937,,4102200.0,1009.0
938,,1745571.4285714284,1011.0
939,,3831371.428571431,1012.0
940,,2050028.571428571,1013.0
941,,9167600.00000001,1014.0
942,,5112000.000000007,1015.0
943,,810535.714285716,1016.0
944,,3049524.2857142864,1019.0
945,,1909285.714285713,1020.0
946,,2453000.000000002,1021.0
947,,2629257.1428571423,1022.0
948,,3681957.142857141,1023.0
949,,1908142.8571428577,1024.0
950,,896285.7142857142,1025.0
951,,2828571.428571428,1026.0
952,,106542.85714285714,1027.0
953,,5483185.71428572,1028.0
954,,2320185.7142857164,1029.0
955,,676300.0000000005,1030.0
956,,2635299.714285715,1031.0
957,,945714.2857142868,1032.0
958,,1668357.1428571397,1033.0
959,,727299.9999999998,1034.0
960,,4195628.571428568,1035.0
961,,1560857.1428571425,1037.0
962,,10372714.285714284,1038.0
963,,2843285.714285715,1039.0
964,,237084.28571428577,1040.0
965,,129714.28571428571,1041.0
966,,3824285.7142857136,1042.0
967,,1116742.8571428575,1043.0
968,,6767642.857142856,1044.0
969,,3348000.0000000023,1045.0
970,,7087085.714285715,1046.0
971,,3986142.8571428536,1048.0
972,,516614.28571428574,1049.0
973,,5195428.57142857,1050.0
974,,3138999.9999999986,1051.0
975,,2247499.999999996,1052.0
976,,1504428.5714285707,1053.0
977,,2018471.428571445,1054.0
978,,2428885.7142857146,1056.0
979,,892800.0,1057.0
980,,4423285.714285713,1058.0
981,,624000.0,1059.0
982,,1049514.2857142857,1060.0
983,,4129428.571428572,1062.0
984,,1564285.7142857143,1063.0
985,,3411714.2857142896,1064.0
986,,3125885.714285715,1065.0
987,,1057857.1428571434,1066.0
988,,262357.14285714284,1067.0
989,,3388714.285714284,1068.0
990,,2438571.428571413,1069.0
991,,2200142.8571428573,1070.0
992,,1589428.5714285711,1071.0
993,,12358871.428571437,1072.0
994,,2000300.0000000014,1073.0
995,,5427001.428571441,1074.0
996,,5200828.571428575,1075.0
997,,1797714.2857142857,1076.0
998,,4728571.428571432,1079.0
999,,1235857.1428571425,1080.0
1000,,815928.5714285702,1081.0
1001,,1675274.9999999993,1082.0
1002,,1074000.0000000044,1083.0
1003,,785214.285714286,1084.0
1004,,630871.4285714286,1086.0
1005,,3068485.7142857136,1087.0
1006,,944914.2857142852,1088.0
1007,,5431285.714285714,1089.0
1008,,652485.7142857147,1091.0
1009,,3868571.428571425,1092.0
1010,,650985.7142857146,1093.0
1011,,10031989.999999994,1094.0
1012,,2219857.142857146,1095.0
1013,,1283714.2857142854,1096.0
1014,,955857.1428571432,1098.0
1015,,1703785.7142857153,1099.0
1016,,1403571.4285714286,1100.0
1017,,1182857.1428571416,1101.0
1018,,2137642.857142857,1102.0
1019,,574699.9999999997,1103.0
1020,,25799142.85714286,1104.0
1021,,4081800.000000001,1105.0
1022,,1291571.428571429,1106.0
1023,,1192142.857142856,1107.0
1024,,3480857.1428571357,1108.0
1025,,3671857.1428571427,1109.0
1026,,5933153.142857141,1110.0
1027,,3690714.285714285,1111.0
1028,,3125685.714285704,1112.0
1029,,2971104.5714285723,1113.0
1030,,2044000.0000000065,1114.0
1031,,301428.5714285715,1115.0
1032,,7244570.000000019,1117.0
1033,,3069857.1428571455,1118.0
1034,,2367857.142857144,1119.0
1035,,3419428.5714285714,1120.0
1036,,9777842.85714286,1121.0
1037,,2481428.5714285686,1122.0
1038,,1122857.142857144,1123.0
1039,,3806785.7142857127,1124.0
1040,,2853142.8571428573,1126.0
1041,,7994714.285714276,1127.0
1042,,749428.5714285715,1128.0
1043,,6420857.142857144,1129.0
1044,,9965714.28571429,1130.0
1045,,6280999.99999999,1131.0
1046,,1161000.0,1132.0
1047,,1884428.5714285763,1134.0
1048,,7281671.42857143,1136.0
1049,,5244071.428571431,1137.0
1050,,2119714.285714286,1138.0
1051,,18428.571428571428,1139.0
1052,,323285.71428571414,1140.0
1053,,2934142.8571428554,1141.0
1054,,13050714.285714297,1142.0
1055,,4395071.428571421,1143.0
1056,,3633428.571428572,1144.0
1057,,1761142.8571428547,1145.0
1058,,7448714.285714287,1147.0
1059,,3178682.857142858,1148.0
1060,,2128571.428571429,1149.0
1061,,587142.857142857,1150.0
1062,,1413671.4285714414,1151.0
1063,,65857.14285714286,1152.0
1064,,1717142.8571428575,1153.0
1065,,2983285.7142857136,1154.0
1066,,9969142.85714287,1155.0
1067,,2023570.7142857078,1158.0
1068,,3842428.571428569,1159.0
1069,,10111999.999999998,1160.0
1070,,15974951.428571405,1161.0
1071,,4476857.142857146,1162.0
1072,,3756428.571428569,1163.0
1073,,6072499.714285715,1164.0
1074,,1813857.1428571446,1166.0
1075,,2513571.428571429,1167.0
1076,,1186285.714285713,1169.0
1077,,7449714.285714292,1170.0
1078,,7000857.1428571325,1171.0
1079,,2730530.000000001,1172.0
1080,,2558285.7142857127,1173.0
1081,,1548857.1428571402,1174.0
1082,,4315714.285714285,1175.0
1083,,2076357.1428571413,1176.0
1084,,3547000.0000000005,1177.0
1085,,1905000.0000000002,1178.0
1086,,1476714.2857142854,1179.0
1087,,2844499.9999999925,1180.0
1088,,3098699.999999994,1181.0
1089,,6812714.285714287,1182.0
1090,,2406000.000000002,1183.0
1091,,2905000.000000002,1184.0
1092,,5921285.71428572,1185.0
1093,,1680642.8571428573,1186.0
1094,,792785.7142857143,1187.0
1095,,5503485.714285716,1188.0
1096,,402214.28571428667,1189.0
1097,,201999.99999999997,1190.0
1098,,1352857.1428571427,1191.0
1099,,617428.5714285714,1192.0
1100,,842571.42857143,1193.0
1101,,1895414.2857142845,1194.0
1102,,1364285.7142857148,1195.0
1103,,2113942.8571428587,1196.0
1104,,7094857.1428571455,1197.0
1105,,4215271.428571436,1198.0
1106,,1118357.1428571423,1199.0
1107,,3892999.9999999935,1201.0
1108,,1454471.428571429,1202.0
1109,,1227142.8571428577,1203.0
1110,,21842.857142857145,1204.0
1111,,3827999.9999999627,1205.0
1112,,862571.4285714288,1206.0
1113,,2138285.7142857094,1207.0
1114,,1378857.142857144,1209.0
1115,,1271771.4285714284,1210.0
1116,,2156285.714285716,1211.0
1117,,1167214.2857142864,1212.0
1118,,6092142.85714286,1213.0
1119,,1979457.1428571423,1214.0
1120,,3054285.714285714,1215.0
1121,,786300.0,1216.0
1122,,1753571.4285714284,1217.0
1123,,2512371.428571426,1218.0
1124,,8036785.714285702,1219.0
1125,,15570242.857142856,1220.0
1126,,1113857.1428571432,1221.0
1127,,8378214.285714297,1222.0
1128,,2090714.285714287,1223.0
1129,,7946128.571428578,1224.0
1130,,2179000.0000000033,1225.0
1131,,2712582.8571428554,1226.0
1132,,1035857.142857143,1227.0
1133,,13891785.714285715,1228.0
1134,,2811857.1428571427,1229.0
1135,,1831142.8571428575,1230.0
1136,,9054471.428571418,1231.0
1137,,1363000.0000000005,1232.0
1138,,964114.2857142856,1233.0
1139,,1117042.8571428584,1235.0
1140,,8717142.857142856,1236.0
1141,,3997285.71428571,1237.0
1142,,4645642.857142856,1238.0
1143,,14252857.14285715,1239.0
1144,,20471.428571428572,1240.0
1145,,5042436.999999977,1242.0
1146,,2193571.4285714286,1243.0
1147,,1729714.2857142854,1244.0
1148,,1787228.5714285723,1245.0
1149,,1442285.7142857143,1246.0
1150,,621357.1428571427,1247.0
1151,,531971.4285714283,1248.0
1152,,1867528.5714285714,1249.0
1153,,350814.2857142854,1250.0
1154,,2992142.8571428577,1251.0
1155,,1861571.428571432,1252.0
1156,,1301957.142857143,1253.0
1157,,3305428.571428571,1254.0
1158,,1215999.9999999993,1255.0
1159,,3009071.4285714277,1256.0
1160,,1404571.4285714296,1257.0
1161,,4617857.142857144,1258.0
1162,,2238642.8571428577,1260.0
1163,,3683714.2857142854,1261.0
1164,,4241642.8571428545,1262.0
1165,,1889772.8571428573,1263.0
1166,,3240499.9999999963,1264.0
1167,,929371.4285714297,1265.0
1168,,8011000.000000001,1266.0
1169,,2259257.142857143,1267.0
1170,,3244428.5714285728,1268.0
1171,,17661999.999999996,1269.0
1172,,3107528.571428572,1270.0
1173,,6992180.428571425,1272.0
1174,,1286908.5714285711,1273.0
1175,,12776214.285714267,1274.0
1176,,2136285.7142857164,1276.0
1177,,3098771.4285714277,1277.0
1178,,3317285.714285717,1278.0
1179,,712857.1428571432,1279.0
1180,,1084000.0000000002,1280.0
1181,,8785385.714285716,1281.0
1182,,1658428.5714285711,1283.0
1183,,5661785.714285716,1284.0
1184,,588285.7142857141,1285.0
1185,,3904185.7142857136,1286.0
1186,,203642.85714285713,1287.0
1187,,6381528.571428577,1288.0
1188,,3352714.2857142873,1289.0
1189,,2443571.4285714272,1290.0
1190,,3743285.714285709,1291.0
1191,,1801142.8571428559,1293.0
1192,,2272285.7142857295,1294.0
1193,,1483285.714285715,1295.0
1194,,2308857.142857143,1296.0
1195,,5312299.999999998,1298.0
1196,,5469571.428571427,1299.0
1197,,2250857.1428571404,1300.0
1198,,7229642.857142853,1301.0
1199,,4507428.571428569,1302.0
1200,,2028214.2857142894,1303.0
1201,,3044571.4285714305,1304.0
1202,,2032571.4285714289,1305.0
1203,,1484142.8571428577,1306.0
1204,,1232135.7142857134,1307.0
1205,,1333571.4285714286,1309.0
1206,,2271428.5714285737,1310.0
1207,,1379857.1428571434,1311.0
1208,,1634571.4285714296,1312.0
1209,,469028.5714285715,1314.0
1210,,3474907.142857138,1316.0
1211,,2114285.7142857127,1318.0
1212,,2161804.285714282,1319.0
1213,,1444428.5714285718,1322.0
1214,,498700.00000000006,1323.0
1215,,636428.5714285715,1324.0
1216,,2089714.2857142854,1325.0
1217,,657857.1428571431,1327.0
1218,,3709071.428571428,1328.0
1219,,323535.7142857144,1329.0
1220,,0.0,1330.0
1221,,521285.7142857148,1331.0
1222,,1559142.8571428575,1332.0
1223,,6323292.8571428545,1333.0
1224,,726571.4285714293,1334.0
1225,,8860714.285714293,1335.0
1226,,4300714.285714289,1336.0
1227,,1971142.8571428556,1337.0
1228,,4775599.999999996,1338.0
1229,,1151714.2857142854,1339.0
1230,,4927571.428571425,1340.0
1231,,6716715.7142857155,1341.0
1232,,781428.5714285714,1342.0
1233,,3226371.4285714286,1343.0
1234,,4103828.5714285704,1344.0
1235,,1294185.7142857153,1345.0
1236,,2174428.571428572,1346.0
1237,,4947701.428571434,1347.0
1238,,53652142.85714286,1348.0
1239,,4384142.857142855,1349.0
1240,,492428.5714285716,1350.0
1241,,1873078.5714285716,1351.0
1242,,2282714.285714286,1352.0
1243,,2034128.5714285718,1354.0
1244,,703171.4285714285,1355.0
1245,,2619857.142857142,1356.0
1246,,3450999.999999999,1357.0
1247,,269571.4285714285,1358.0
1248,,1834428.5714285688,1359.0
1249,,7483357.142857132,1360.0
1250,,2190428.571428571,1361.0
1251,,1085142.8571428573,1362.0
1252,,1552471.4285714282,1363.0
1253,,246642.85714285716,1364.0
1254,,2942257.142857144,1365.0
1255,,5710142.857142857,1366.0
1256,,2429414.2857142845,1367.0
1257,,1140428.5714285704,1368.0
1258,,3142428.5714285774,1369.0
1259,,3329585.7142857118,1370.0
1260,,5569557.142857134,1371.0
1261,,8852242.85714288,1372.0
1262,,317457.1428571429,1373.0
1263,,814885.7142857146,1374.0
1264,,1220614.2857142857,1375.0
1265,,6074751.428571427,1376.0
1266,,2577285.7142857146,1377.0
1267,,6194500.000000003,1378.0
1268,,1402999.999999999,1380.0
1269,,1771285.7142857148,1381.0
1270,,2784285.7142857146,1382.0
1271,,5106142.857142857,1383.0
1272,,762214.2857142863,1384.0
1273,,752928.5714285717,1385.0
1274,,1493585.7142857176,1387.0
1275,,36865626.57142859,1388.0
1276,,2770142.8571428577,1389.0
1277,,3760328.571428575,1390.0
1278,,6993771.428571419,1391.0
1279,,914714.2857142859,1393.0
1280,,5571571.428571424,1394.0
1281,,5405714.285714285,1395.0
1282,,1474430.2857142834,1397.0
1283,,2840134.2857142887,1398.0
1284,,1738714.2857142857,1399.0
1285,,1507714.2857142845,1400.0
1286,,12856342.857142866,1401.0
1287,,4520000.000000004,1402.0
1288,,7373528.571428567,1404.0
1289,,443142.85714285716,1405.0
1290,,2786434.2857142873,1406.0
1291,,400714.2857142858,1407.0
1292,,30090714.28571428,1408.0
1293,,1658642.857142856,1409.0
1294,,855499.999999999,1410.0
1295,,2963181.4285714277,1411.0
1296,,2193571.4285714286,1412.0
1297,,3065471.4285714272,1413.0
1298,,2969571.428571427,1414.0
1299,,1107357.1428571434,1415.0
1300,,179542.85714285716,1416.0
1301,,1952428.571428571,1417.0
1302,,687285.7142857139,1418.0
1303,,3600857.1428571413,1419.0
1304,,315285.71428571414,1421.0
1305,,3239085.714285716,1422.0
1306,,127371.42857142857,1423.0
1307,,1455285.714285714,1424.0
1308,,1446714.2857142864,1425.0
1309,,3540714.285714286,1426.0
1310,,1880714.285714286,1427.0
1311,,6442577.857142875,1428.0
1312,,955000.0000000014,1429.0
1313,,1436428.5714285702,1430.0
1314,,109042.85714285716,1432.0
1315,,6763714.285714285,1433.0
1316,,509142.857142857,1434.0
1317,,343685.71428571397,1436.0
1318,,3715571.428571428,1437.0
1319,,3011142.857142862,1438.0
1320,,2793085.714285713,1439.0
1321,,1524357.142857142,1440.0
1322,,5080700.714285713,1441.0
1323,,2121357.142857141,1442.0
1324,,880257.1428571424,1443.0
1325,,6247857.142857148,1444.0
1326,,918043.0,1445.0
1327,,3475142.857142857,1446.0
1328,,5567900.000000006,1447.0
1329,,1476357.1428571413,1449.0
1330,,1068142.8571428577,1450.0
1331,,450385.714285714,1451.0
1332,,609571.4285714285,1452.0
1333,,491871.4285714285,1453.0
1334,,5702242.857142851,1454.0
1335,,491142.8571428572,1455.0
1336,,3031228.571428574,1456.0
1337,,2885248.5714285728,1457.0
1338,,3070885.714285714,1458.0
1339,,23244285.714285687,1459.0
1340,,2638142.857142857,1460.0
1341,,4411714.285714293,1461.0
1342,,3317842.8571428643,1462.0
1343,,2588571.4285714305,1463.0
1344,,3498928.5714285714,1464.0
1345,,803142.8571428572,1465.0
1346,,626885.7142857143,1466.0
1347,,644285.7142857147,1467.0
1348,,4285565.714285713,1468.0
1349,,715642.8571428572,1469.0
1350,,421857.14285714284,1470.0
1351,,383000.00000000023,1471.0
1352,,1930842.8571428389,1472.0
1353,,1455285.7142857146,1473.0
1354,,5026285.714285714,1474.0
1355,,4801128.571428571,1475.0
1356,,1614857.1428571406,1476.0
1357,,12178571.428571427,1477.0
1358,,4549099.999999993,1478.0
1359,,3411428.5714285723,1479.0
1360,,3828942.8571428536,1480.0
1361,,8254285.714285711,1481.0
1362,,6444714.285714284,1483.0
1363,,1570285.7142857162,1485.0
1364,,2125861.7142857146,1486.0
1365,,3654657.1428571446,1487.0
1366,,1227071.4285714298,1488.0
1367,,2032528.5714285707,1489.0
1368,,618385.7142857142,1490.0
1369,,5933285.714285718,1491.0
1370,,470242.85714285687,1492.0
1371,,1072657.142857143,1494.0
1372,,5088429.999999997,1496.0
1373,,1172285.7142857146,1497.0
1374,,3263571.42857143,1498.0
1375,,1994873.42857143,1499.0
1376,,1724571.4285714275,1500.0
1377,,7090528.571428575,1501.0
1378,,4674457.142857149,1502.0
1379,,6819142.857142859,1503.0
1380,,3570571.42857142,1504.0
1381,,4375357.142857156,1505.0
1382,,2970000.000000001,1506.0
1383,,4487714.285714287,1507.0
1384,,9010857.142857151,1508.0
1385,,1587214.2857142854,1509.0
1386,,1001400.0000000002,1510.0
1387,,5146071.428571429,1511.0
1388,,1869814.2857142868,1512.0
1389,,365571.42857142835,1513.0
1390,,2553142.8571428633,1514.0
1391,,2117428.571428571,1515.0
1392,,3198100.000000001,1516.0
1393,,3038428.5714285714,1517.0
1394,,4036099.9999999953,1518.0
1395,,3233357.142857142,1519.0
1396,,999142.8571428555,1520.0
1397,,420399.9999999996,1521.0
1398,,710528.571428572,1522.0
1399,,5650857.142857136,1523.0
1400,,1063571.4285714286,1524.0
1401,,5809999.999999996,1525.0
1402,,602971.4285714291,1526.0
1403,,3571.428571428571,1527.0
1404,,2000071.4285714263,1528.0
1405,,2325214.285714287,1529.0
1406,,2438571.4285714286,1530.0
1407,,5703142.8571429,1531.0
1408,,3905119.9999999995,1532.0
1409,,461428.5714285714,1533.0
1410,,4712885.714285712,1535.0
1411,,1228571.428571429,1536.0
1412,,3803857.142857143,1538.0
1413,,3412157.142857143,1539.0
1414,,3986171.4285713895,1540.0
1415,,7370285.714285712,1541.0
1416,,2728721.4285714338,1542.0
1417,,547220.4285714297,1543.0
1418,,4515785.71428571,1544.0
1419,,324428.57142857136,1545.0
1420,,1595799.999999999,1546.0
1421,,1977357.1428571416,1548.0
1422,,2340714.285714287,1550.0
1423,,5925714.285714285,1551.0
1424,,1536142.8571428568,1552.0
1425,,1817585.7142857146,1553.0
1426,,907285.7142857142,1554.0
1427,,2089428.571428572,1555.0
1428,,6584285.714285709,1556.0
1429,,3562914.2857142827,1557.0
1430,,1529684.285714287,1558.0
1431,,5877142.857142853,1559.0
1432,,1943014.285714286,1560.0
1433,,1566142.8571428575,1561.0
1434,,3036800.000000002,1562.0
1435,,2958499.9999999995,1563.0
1436,,1506571.428571429,1564.0
1437,,1311428.5714285716,1565.0
1438,,1569857.1428571423,1566.0
1439,,1952371.4285714289,1567.0
1440,,810000.0000000002,1568.0
1441,,1959714.2857142857,1569.0
1442,,1220328.5714285704,1570.0
1443,,650142.8571428574,1571.0
1444,,1983720.1428571437,1572.0
1445,,2493571.4285714277,1573.0
1446,,1718928.5714285723,1574.0
1447,,823785.7142857141,1575.0
1448,,861000.0,1576.0
1449,,2557142.857142858,1577.0
1450,,3395714.285714282,1578.0
1451,,3654587.1428571427,1579.0
1452,,2154285.7142857155,1580.0
1453,,1518714.2857142854,1581.0
1454,,3340789.999999994,1582.0
1455,,941428.571428569,1583.0
1456,,1493285.7142857153,1584.0
1457,,10457997.142857159,1585.0
1458,,1987142.8571428633,1586.0
1459,,4039957.1428571427,1587.0
1460,,5811714.285714286,1588.0
1461,,1086785.7142857139,1589.0
1462,,1244571.4285714284,1590.0
1463,,2982399.9999999986,1591.0
1464,,1575028.5714285704,1592.0
1465,,653542.8571428572,1593.0
1466,,1396609.2857142838,1594.0
1467,,1946285.7142857143,1597.0
1468,,34571.428571428565,1598.0
1469,,337142.85714285716,1599.0
1470,,2195973.4285714305,1600.0
1471,,31572057.14285714,1601.0
1472,,3189428.5714285704,1602.0
1473,,2088771.428571427,1603.0
1474,,3290885.714285713,1604.0
1475,,8655974.000000006,1605.0
1476,,2198500.0000000014,1606.0
1477,,2695857.1428571437,1607.0
1478,,558285.7142857142,1608.0
1479,,5250428.571428572,1609.0
1480,,3365677.857142857,1610.0
1481,,2852142.8571428596,1611.0
1482,,399561.4285714288,1613.0
1483,,1364714.285714286,1614.0
1484,,12049142.857142841,1615.0
1485,,1473571.428571429,1616.0
1486,,1949999.9999999993,1617.0
1487,,2884201.428571434,1618.0
1488,,1469457.142857144,1619.0
1489,,8385000.000000008,1620.0
1490,,3640285.7142857127,1621.0
1491,,2229999.999999999,1622.0
1492,,8229857.142857147,1623.0
1493,,674142.8571428576,1624.0
1494,,1987285.7142857143,1625.0
1495,,9783785.714285713,1626.0
1496,,3875100.000000001,1627.0
1497,,7311428.571428571,1629.0
1498,,5736357.142857144,1630.0
1499,,1320754.285714286,1631.0
1500,,3989714.2857142854,1632.0
1501,,5243142.857142857,1633.0
1502,,975857.1428571442,1635.0
1503,,1213828.5714285711,1636.0
1504,,12952428.571428593,1637.0
1505,,1864285.7142857139,1639.0
1506,,3555714.285714282,1642.0
1507,,2270714.285714287,1643.0
1508,,2911857.1428571437,1644.0
1509,,1500500.0000000007,1646.0
1510,,581071.4285714285,1647.0
1511,,3811500.0,1648.0
1512,,2727000.000000007,1649.0
1513,,2209571.428571428,1650.0
1514,,2356178.57142857,1652.0
1515,,900999.9999999998,1654.0
1516,,2425142.8571428573,1655.0
1517,,3121428.571428571,1656.0
1518,,2581577.5714285714,1657.0
1519,,1173000.0,1658.0
1520,,222142.85714285716,1659.0
1521,,1334285.714285713,1660.0
1522,,3486714.285714284,1661.0
1523,,760142.8571428573,1662.0
1524,,799714.2857142859,1663.0
1525,,1698714.2857142854,1664.0
1526,,586957.142857143,1665.0
1527,,1624371.4285714286,1666.0
1528,,4933071.428571429,1667.0
1529,,695928.5714285721,1668.0
1530,,9403571.428571424,1669.0
1531,,14762414.285714312,1670.0
1532,,949999.9999999994,1671.0
1533,,2449999.9999999995,1672.0
1534,,1816857.1428571425,1673.0
1535,,2555714.285714281,1674.0
1536,,739285.7142857142,1675.0
1537,,465428.5714285713,1676.0
1538,,7011118.714285721,1677.0
1539,,8969428.571428567,1678.0
1540,,5292514.2857142845,1679.0
1541,,4132857.1428571437,1681.0
1542,,2245000.0000000005,1682.0
1543,,6827142.857142855,1683.0
1544,,2205857.1428571423,1685.0
1545,,982571.4285714292,1687.0
1546,,2903355.714285717,1688.0
1547,,901857.1428571431,1689.0
1548,,5965214.285714287,1690.0
1549,,2474285.7142857136,1691.0
1550,,991397.142857145,1692.0
1551,,5804571.428571419,1693.0
1552,,566142.8571428572,1694.0
1553,,792950.0,1695.0
1554,,6603142.857142864,1696.0
1555,,1069999.9999999998,1697.0
1556,,2766135.714285714,1698.0
1557,,1796428.5714285714,1699.0
1558,,3514499.999999998,1700.0
1559,,8263571.428571426,1701.0
1560,,3843714.2857142854,1702.0
1561,,3485714.2857142836,1703.0
1562,,3942000.0000000354,1704.0
1563,,2196129.999999999,1705.0
1564,,3444109.5714285714,1706.0
1565,,5277214.285714284,1707.0
1566,,1259714.2857142866,1708.0
1567,,2133000.0000000014,1709.0
1568,,1844571.4285714268,1710.0
1569,,1156357.714285714,1711.0
1570,,1422457.1428571432,1712.0
1571,,2096642.8571428584,1713.0
1572,,3446714.285714286,1714.0
1573,,188428.57142857145,1715.0
1574,,2531430.000000002,1716.0
1575,,9437285.714285709,1717.0
1576,,13175285.714285705,1718.0
1577,,1654714.285714286,1719.0
1578,,818999.9999999998,1720.0
1579,,422571.4285714284,1721.0
1580,,7631428.571428573,1722.0
1581,,965000.0000000002,1723.0
1582,,2453428.5714285676,1724.0
1583,,4066285.7142857146,1726.0
1584,,3356100.0000000023,1727.0
1585,,2497285.7142857136,1728.0
1586,,6559714.28571429,1729.0
1587,,1351714.2857142857,1730.0
1588,,4459240.0,1731.0
1589,,654857.1428571431,1732.0
1590,,591444.5714285715,1733.0
1591,,3001000.0,1734.0
1592,,4256857.142857143,1735.0
1593,,4291642.857142859,1736.0
1594,,2614428.5714285714,1737.0
1595,,1858428.5714285711,1739.0
1596,,501481.4285714283,1740.0
1597,,3776642.8571428577,1741.0
1598,,9792767.142857146,1742.0
1599,,2111000.0000000056,1743.0
1600,,742071.4285714285,1744.0
1601,,1626857.1428571446,1745.0
1602,,2342785.714285715,1746.0
1603,,1804285.7142857164,1747.0
1604,,1860657.1428571446,1750.0
1605,,1264428.571428572,1753.0
1606,,21158657.142857146,1754.0
1607,,1129700.0000000002,1755.0
1608,,1232071.4285714289,1756.0
1609,,9521285.714285715,1757.0
1610,,4024571.428571434,1758.0
1611,,939999.9999999984,1759.0
1612,,1214571.4285714282,1760.0
1613,,4967142.857142857,1761.0
1614,,4428571.428571432,1762.0
1615,,2472285.7142857127,1763.0
1616,,1830628.5714285723,1764.0
1617,,7975428.5714285495,1765.0
1618,,4185999.9999999977,1766.0
1619,,572000.0,1767.0
1620,,2958971.428571427,1768.0
1621,,817571.4285714284,1770.0
1622,,2013428.571428579,1771.0
1623,,2774285.714285718,1772.0
1624,,383571.42857142887,1773.0
1625,,347428.5714285712,1774.0
1626,,2174742.857142865,1775.0
1627,,172285.71428571435,1776.0
1628,,4049857.1428571367,1777.0
1629,,4359428.571428571,1778.0
1630,,9680571.428571422,1779.0
1631,,676857.1428571433,1780.0
1632,,997142.8571428567,1781.0
1633,,1578071.4285714277,1782.0
1634,,1800491.4285714293,1783.0
1635,,1038571.4285714288,1784.0
1636,,1059799.9999999981,1785.0
1637,,13411428.571428573,1786.0
1638,,1401071.4285714284,1787.0
1639,,1958904.2857142857,1789.0
1640,,653464.2857142854,1790.0
1641,,6636732.142857145,1791.0
1642,,6404871.42857143,1792.0
1643,,2420000.0,1793.0
1644,,2585571.4285714296,1794.0
1645,,1152714.2857142854,1795.0
1646,,10017857.142857144,1796.0
1647,,271614.2857142858,1797.0
1648,,9816199.999999998,1798.0
1649,,2476928.571428571,1799.0
1650,,4743482.857142856,1800.0
1651,,2217357.142857155,1801.0
1652,,1905285.7142857143,1802.0
1653,,6536071.428571422,1803.0
1654,,1421428.5714285714,1804.0
1655,,8973571.42857143,1805.0
1656,,1194999.9999999995,1806.0
1657,,32260499.9999998,1807.0
1658,,6944500.000000001,1808.0
1659,,1714285.7142857169,1810.0
1660,,1229528.5714285711,1811.0
1661,,6117857.142857147,1813.0
1662,,4326199.2857142845,1814.0
1663,,1998142.8571428552,1816.0
1664,,5455142.857142856,1817.0
1665,,992785.7142857136,1818.0
1666,,1503071.4285714282,1819.0
1667,,3764618.571428576,1820.0
1668,,575071.4285714282,1821.0
1669,,4599428.571428571,1822.0
1670,,1579000.0000000005,1823.0
1671,,5869228.571428568,1824.0
1672,,1219142.8571428575,1825.0
1673,,3302428.5714285723,1826.0
1674,,3568714.2857142836,1827.0
1675,,3041285.7142857155,1828.0
1676,,4788999.999999999,1829.0
1677,,3279999.9999999907,1830.0
1678,,4308285.7142857155,1832.0
1679,,2789744.2857142836,1833.0
1680,,1073671.4285714289,1834.0
1681,,8218999.285714293,1835.0
1682,,553571.4285714286,1836.0
1683,,948842.8571428569,1837.0
1684,,1136285.7142857148,1839.0
1685,,15636542.85714285,1840.0
1686,,4901768.571428571,1841.0
1687,,5448638.571428565,1842.0
1688,,2071142.8571428573,1843.0
1689,,4067433.999999994,1844.0
1690,,2413999.9999999953,1846.0
1691,,883857.1428571428,1847.0
1692,,3396842.857142856,1848.0
1693,,274200.0000000001,1849.0
1694,,2720214.2857142896,1850.0
1695,,2254357.1428571385,1852.0
1696,,3018142.857142858,1853.0
1697,,2359357.14285714,1854.0
1698,,1734571.428571428,1855.0
1699,,2372857.142857143,1856.0
1700,,6461794.285714286,1857.0
1701,,3724271.428571428,1858.0
1702,,2115571.4285714286,1859.0
1703,,721285.7142857142,1860.0
1704,,2342128.571428569,1861.0
1705,,1552571.4285714286,1862.0
1706,,361285.7142857142,1864.0
1707,,1037757.1428571406,1865.0
1708,,1269714.2857142852,1866.0
1709,,2299142.8571428605,1867.0
1710,,14530971.428571414,1868.0
1711,,1929428.5714285676,1869.0
1712,,430857.1428571433,1870.0
1713,,1135428.5714285714,1871.0
1714,,4446900.000000002,1872.0
1715,,9626428.57142857,1873.0
1716,,1873714.2857142861,1874.0
1717,,2233575.7142857104,1875.0
1718,,900652.8571428573,1876.0
1719,,9134143.428571405,1877.0
1720,,3020799.999999998,1878.0
1721,,833700.0000000031,1879.0
1722,,7080842.857142858,1880.0
1723,,447004.28571428574,1881.0
1724,,1870457.1428571444,1882.0
1725,,12284071.428571418,1884.0
1726,,1416438.5714285695,1886.0
1727,,581714.2857142857,1887.0
1728,,8993992.857142868,1888.0
1729,,3915000.0000000023,1889.0
1730,,14769841.42857144,1890.0
1731,,10552371.428571433,1891.0
1732,,3814428.57142857,1892.0
1733,,912571.4285714286,1893.0
1734,,1716271.42857143,1894.0
1735,,1771428.5714285702,1895.0
1736,,4616514.285714285,1896.0
1737,,4547385.714285711,1897.0
1738,,1257542.8571428568,1898.0
1739,,1158142.8571428573,1899.0
1740,,10557285.714285707,1900.0
1741,,274214.2857142857,1901.0
1742,,1915147.9999999981,1902.0
1743,,3660414.2857142836,1903.0
1744,,3801828.5714285728,1904.0
1745,,3051857.1428571483,1905.0
1746,,762428.5714285712,1906.0
1747,,4783857.1428571455,1907.0
1748,,5360714.2857142845,1909.0
1749,,4779285.714285714,1910.0
1750,,171428.57142857142,1911.0
1751,,3826571.5714285728,1912.0
1752,,1136328.5714285714,1914.0
1753,,1404642.8571428559,1915.0
1754,,746428.5714285718,1916.0
1755,,5513357.142857145,1917.0
1756,,2585385.7142857173,1918.0
1757,,708642.8571428572,1920.0
1758,,1336285.7142857157,1921.0
1759,,971428.5714285712,1922.0
1760,,1679714.285714285,1923.0
1761,,991500.0000000005,1924.0
1762,,3359785.714285712,1925.0
1763,,889571.4285714292,1926.0
1764,,1041571.4285714277,1927.0
1765,,2608714.285714286,1928.0
1766,,2752692.8571428563,1929.0
1767,,1041000.0000000006,1931.0
1768,,3036999.999999999,1932.0
1769,,3997571.4285714333,1933.0
1770,,217428.57142857145,1934.0
1771,,527471.4285714291,1935.0
1772,,3826714.285714285,1936.0
1773,,865714.2857142859,1937.0
1774,,760657.1428571427,1938.0
1775,,2889714.285714298,1939.0
1776,,605185.7142857144,1940.0
1777,,1518571.4285714293,1941.0
1778,,725714.2857142858,1942.0
1779,,1823571.4285714298,1943.0
1780,,4831738.571428577,1944.0
1781,,6884357.142857151,1945.0
1782,,1615357.1428571444,1946.0
1783,,1795999.9999999998,1947.0
1784,,107499.99999999997,1948.0
1785,,7711857.142857139,1949.0
1786,,383999.9999999993,1950.0
1787,,869071.4285714293,1951.0
1788,,11038714.285714282,1953.0
1789,,1371428.57142857,1954.0
1790,,6121898.571428572,1956.0
1791,,1234857.1428571425,1957.0
1792,,5115454.285714288,1958.0
1793,,64285.71428571429,1959.0
1794,,1587661.4285714298,1960.0
1795,,1369285.7142857143,1961.0
1796,,1923142.8571428368,1963.0
1797,,850885.714285715,1964.0
1798,,805714.2857142849,1965.0
1799,,2446999.999999997,1966.0
1800,,294071.4285714285,1967.0
1801,,1721500.0000000054,1968.0
1802,,5690857.142857149,1969.0
1803,,2682585.7142857155,1970.0
1804,,10569999.999999998,1971.0
1805,,5068783.42857143,1973.0
1806,,674857.1428571428,1974.0
1807,,2244857.1428571437,1975.0
1808,,1842571.428571423,1976.0
1809,,1329928.5714285714,1977.0
1810,,8011571.428571432,1978.0
1811,,4904757.142857151,1979.0
1812,,1663142.857142861,1980.0
1813,,6342485.714285715,1981.0
1814,,2497857.1428571413,1982.0
1815,,6213915.714285716,1983.0
1816,,2490142.857142856,1984.0
1817,,4280728.571428572,1985.0
1818,,9164357.14285715,1986.0
1819,,8767571.428571422,1987.0
1820,,1626571.428571429,1988.0
1821,,738957.1428571427,1989.0
1822,,798142.8571428579,1990.0
1823,,1471285.7142857155,1991.0
1824,,1198999.9999999984,1992.0
1825,,1683571.4285714284,1993.0
1826,,1105314.2857142875,1994.0
1827,,578714.2857142859,1995.0
1828,,2088142.8571428577,1996.0
1829,,2368878.571428572,1997.0
1830,,1856714.2857142882,1998.0
1831,,2150642.8571428573,1999.0
1832,,3662457.1428571353,2000.0
1833,,10278285.714285715,2001.0
1834,,4256428.571428573,2002.0
1835,,4780428.571428573,2003.0
1836,,3395000.0000000168,2004.0
1837,,8118714.285714281,2006.0
1838,,3618107.142857144,2007.0
1839,,122628.57142857148,2008.0
1840,,15483271.42857144,2009.0
1841,,1508500.0,2010.0
1842,,1334285.714285714,2011.0
1843,,2117157.142857143,2012.0
1844,,5238428.57142857,2013.0
1845,,1564714.2857142861,2014.0
1846,,5274285.714285715,2015.0
1847,,3097911.428571428,2017.0
1848,,2932857.1428571427,2018.0
1849,,5563857.142857142,2019.0
1850,,2895771.42857143,2020.0
1851,,873771.4285714276,2021.0
1852,,875428.5714285717,2022.0
1853,,3379100.000000009,2023.0
1854,,2019000.0,2024.0
1855,,2151231.4285714277,2025.0
1856,,2538428.5714285714,2026.0
1857,,2427357.142857148,2027.0
1858,,404285.71428571374,2028.0
1859,,8775714.285714285,2029.0
1860,,4361942.857142869,2032.0
1861,,4063814.285714287,2033.0
1862,,1573857.1428571425,2034.0
1863,,5044085.714285702,2035.0
1864,,11216142.857142849,2036.0
1865,,1618714.285714285,2039.0
1866,,2328285.714285714,2040.0
1867,,1142428.5714285697,2041.0
1868,,306342.85714285716,2042.0
1869,,692285.7142857154,2043.0
1870,,295571.4285714286,2044.0
1871,,1222428.5714285718,2045.0
1872,,4735001.428571433,2047.0
1873,,133300.00000000006,2048.0
1874,,852714.2857142858,2049.0
1875,,4483571.428571429,2050.0
1876,,837000.0,2051.0
1877,,1974642.8571428573,2052.0
1878,,736342.8571428589,2053.0
1879,,2525785.714285713,2054.0
1880,,7002142.85714286,2055.0
1881,,6442499.999999995,2057.0
1882,,6197528.571428573,2058.0
1883,,1899285.7142857146,2059.0
1884,,3112000.0,2060.0
1885,,428371.4285714285,2061.0
1886,,4497142.857142853,2062.0
1887,,2192428.5714285714,2064.0
1888,,2074271.4285714284,2065.0
1889,,2085071.428571428,2066.0
1890,,3930399.999999997,2067.0
1891,,827144.857142858,2068.0
1892,,2552857.1428571427,2069.0
1893,,879085.714285714,2070.0
1894,,6851000.000000001,2071.0
1895,,6460484.285714287,2072.0
1896,,923428.5714285714,2073.0
1897,,5380000.000000006,2074.0
1898,,1356114.285714284,2076.0
1899,,4094571.4285714286,2077.0
1900,,4439554.285714279,2078.0
1901,,4931142.85714286,2079.0
1902,,2380428.5714285704,2080.0
1903,,4357099.99999999,2082.0
1904,,3321500.0,2083.0
1905,,2645064.285714289,2084.0
1906,,1934499.9999999923,2085.0
1907,,1898285.7142857243,2086.0
1908,,1353900.0000000014,2087.0
1909,,920142.8571428572,2088.0
1910,,642142.8571428573,2089.0
1911,,932357.1428571431,2090.0
1912,,189142.857142857,2091.0
1913,,5515178.571428571,2092.0
1914,,1096571.428571429,2093.0
1915,,5251142.857142855,2095.0
1916,,7639871.428571428,2096.0
1917,,5683428.571428573,2097.0
1918,,3526357.142857144,2098.0
1919,,4545985.714285715,2099.0
1920,,1492642.8571428568,2100.0
1921,,2221857.1428571464,2101.0
1922,,2189649.9999999986,2102.0
1923,,959857.1428571425,2103.0
1924,,787914.2857142858,2104.0
1925,,1815642.8571428566,2105.0
1926,,4705000.000000002,2106.0
1927,,377214.2857142862,2107.0
1928,,9143414.285714282,2108.0
1929,,7760299.999999967,2109.0
1930,,547428.5714285722,2110.0
1931,,3819428.571428572,2111.0
1932,,7864992.857142876,2112.0
1933,,4966485.714285712,2113.0
1934,,9991857.142857159,2114.0
1935,,3199985.7142857155,2115.0
1936,,4241214.28571429,2116.0
1937,,517571.4285714285,2117.0
1938,,2772571.428571428,2118.0
1939,,15793669.285714293,2120.0
1940,,8320414.285714282,2121.0
1941,,8228895.714285714,2122.0
1942,,2221714.285714285,2123.0
1943,,1496642.8571428563,2124.0
1944,,7291285.714285713,2125.0
1945,,4500.0,2126.0
1946,,1296538.5714285725,2127.0
1947,,1359999.9999999998,2128.0
1948,,904099.9999999987,2129.0
1949,,172457.14285714284,2130.0
1950,,2518142.8571428545,2132.0
1951,,1418628.5714285728,2133.0
1952,,534071.4285714288,2134.0
1953,,1491000.0000000002,2135.0
1954,,6743928.571428573,2136.0
271,53845490.905569114,,
279,19818627.525423672,,
515,4079253.268765144,,
588,7984909.443099272,,
706,4633636.803874073,,
795,789527.0702179181,,
999,75442563.97094454,,
1379,6975210.556900749,,
1435,8995751.089588387,,
2081,11248466.876513321,,
2094,16653648.426150125,,
2119,19604687.651331723,,
